,Country,Actor Name,Actor Type,Affiliation To,Affiliation Start Date,Affiliation End Date,Aliases
64958,Myanmar,88 Generation Students,Group,Education (Myanmar),beginning of time,end of time,88 Generation Students
64959,Myanmar,88 Generation Students,Group,Protestors / Popular Opposition / Mobs (Myanmar),beginning of time,end of time,88 Generation Students
64960,Myanmar,AKYSU,Group,Education (Myanmar),beginning of time,end of time,All Kachin Students Union || AKYSU
64961,Myanmar,All Burma Democratic Force,Group,Protestors / Popular Opposition / Mobs (Myanmar),beginning of time,end of time,ABDF || All Burma Democratic Force
64962,Myanmar,All Burma Federation of Student Unions,Group,Education (Myanmar),beginning of time,end of time,All Burma Federation Of Student Unions || ABFSU
64963,Myanmar,All Burma Federation of Student Unions,Group,Protestors / Popular Opposition / Mobs (Myanmar),beginning of time,end of time,All Burma Federation Of Student Unions || ABFSU
64964,Myanmar,All Burma Federation of Students,Group,Education (Myanmar),beginning of time,end of time,All Burma Federation Of Students
64965,Myanmar,All Burma Federation of Students,Group,Protestors / Popular Opposition / Mobs (Myanmar),beginning of time,end of time,All Burma Federation Of Students
64966,Myanmar,All Burma Students' Democratic Front,Group,Education (Myanmar),beginning of time,end of time,All Burma Students Democratic Front || All Burma Student'S Democratic Front || All Burma Students' Democratic Front || All Burma Student Democratic Front || ABSDF
64967,Myanmar,All Burma Students' Democratic Front,Group,Insurgents (Myanmar),beginning of time,end of time,All Burma Students Democratic Front || All Burma Student'S Democratic Front || All Burma Students' Democratic Front || All Burma Student Democratic Front || ABSDF
64968,Myanmar,All Burma Young Monks,Group,Buddhist (Myanmar),beginning of time,end of time,All Burma Young Monks
64969,Myanmar,Ananda,Group,Buddhist (Myanmar),beginning of time,end of time,Ananda
64970,Myanmar,Arakan,Group,Myanmar,beginning of time,end of time,Arakan
64971,Myanmar,Arakan League for Democracy,Group,Protestors / Popular Opposition / Mobs (Myanmar),beginning of time,end of time,Arakan League For Democracy
64972,Myanmar,Arakan Refugees,Group,Refugees / Displaced (Myanmar),beginning of time,end of time,Arakan Refugees
64973,Myanmar,Arakan Rohingya Salvation Army,Group,Insurgents (Myanmar),beginning of time,end of time,Faith Movement Arakan || Faith Movement Of Arakan || Arakan Rohingya Salvation Army || Harakah Al-Yaqin || ARSA
64974,Myanmar,Assistance Association for Political Prisoners,Group,Human Rights NGOs (Myanmar),beginning of time,end of time,Assistance Association For Political Prisoners
64975,Myanmar,Assistance Association for Political Prisoners,Group,Protestors / Popular Opposition / Mobs (Myanmar),beginning of time,end of time,Assistance Association For Political Prisoners
64976,Myanmar,Ata Ullah,Individual,Arakan Rohingya Salvation Army,beginning of time,end of time,Ata Ullah || Ataullah Abu Ammar Jununi
64977,Myanmar,Ata Ullah,Individual,Insurgents (Myanmar),beginning of time,end of time,Ata Ullah || Ataullah Abu Ammar Jununi
64978,Myanmar,Aung Kyi,Individual,Elite (Myanmar),beginning of time,end of time,Aung Kyi
64979,Myanmar,Aung Kyi,Individual,Information / Communication / Transparency Ministry (Myanmar),27/08/2012,end of time,Aung Kyi
64980,Myanmar,Aung Kyi,Individual,Labor Ministry (Myanmar),01/11/2006,24/10/2007,Aung Kyi
64981,Myanmar,Aung Kyi,Individual,Labor Ministry (Myanmar),24/10/2007,27/08/2012,Aung Kyi
64982,Myanmar,Aung Kyi,Individual,Pyithu Hluttaw,31/01/2011,30/03/2011,Aung Kyi
64983,Myanmar,Aung Kyi,Individual,Women / Children / Social / Welfare / Development / Religion Ministry (Myanmar),31/03/2011,27/08/2012,Aung Kyi
64984,Myanmar,Aung Min,Individual,Elite (Myanmar),beginning of time,end of time,Aung Min
64985,Myanmar,Aung Min,Individual,Executive Office (Myanmar),27/08/2012,end of time,Aung Min
64986,Myanmar,Aung Min,Individual,Pyithu Hluttaw,31/01/2011,30/03/2011,Aung Min
64987,Myanmar,Aung Min,Individual,Transportation Ministry (Myanmar),01/02/2003,27/08/2012,Aung Min
64988,Myanmar,Aung Min Hein,Individual,Judicial (Myanmar),beginning of time,end of time,Aung Min Hein
64989,Myanmar,Aung San,Individual,Protestors / Popular Opposition / Mobs (Myanmar),beginning of time,end of time,Aung San || Aung San Suu Kyi || Suu Kyi
64990,Myanmar,Aung San Suu Kyi,Individual,Foreign Ministry (Myanmar),06/04/2016,end of time,Aung San Suu Kyi
64991,Myanmar,Aung Thaung,Individual,Elite (Myanmar),beginning of time,end of time,Aung Thaung
64992,Myanmar,Aung Thaung,Individual,Industrial / Textiles / Mining Ministry (Myanmar),15/11/1997,30/03/2011,Aung Thaung
64993,Myanmar,Aung Thaung,Individual,Pyithu Hluttaw,30/03/2011,end of time,Aung Thaung
64994,Myanmar,Aung Toe,Individual,Elite (Myanmar),beginning of time,end of time,Aung Toe
64995,Myanmar,Aung Toe,Individual,Government (Myanmar),beginning of time,end of time,Aung Toe
64996,Myanmar,Aung Tun,Individual,Education (Myanmar),beginning of time,end of time,Aung Tun
64997,Myanmar,Aung Tun,Individual,Protestors / Popular Opposition / Mobs (Myanmar),beginning of time,end of time,Aung Tun
64998,Myanmar,Aye Aye Aung,Individual,National United Party of Arakan,beginning of time,end of time,Aye Aye Aung
64999,Myanmar,Aye Aye Aung,Individual,Protestors / Popular Opposition / Mobs (Myanmar),beginning of time,end of time,Aye Aye Aung
65000,Myanmar,Aye Maung,Individual,Elite (Myanmar),beginning of time,end of time,Aye Maung
65001,Myanmar,Aye Maung,Individual,Government (Myanmar),beginning of time,end of time,Aye Maung
65002,Myanmar,Bao You Zang,Individual,Separatists (Myanmar),beginning of time,01/01/1989,Bao You Zang
65003,Myanmar,Bao You Zang,Individual,Unidentified Forces (Myanmar),beginning of time,end of time,Bao You Zang
65004,Myanmar,Bao You Zang,Individual,United Wa State Army,beginning of time,end of time,Bao You Zang
65005,Myanmar,Burma Media Association,Group,Media (Myanmar),beginning of time,end of time,Burma Media Association
65006,Myanmar,Burma Media Association,Group,Protestors / Popular Opposition / Mobs (Myanmar),beginning of time,end of time,Burma Media Association
65007,Myanmar,Burma Union Solidarity and Development Association,Group,Government Major Party (In Government) (Myanmar),beginning of time,end of time,Union Solidarity And Development Association Burma || Burma Union Solidarity And Development Association || Union Solidarity And Development Association
65008,Myanmar,Chan Nyein,Individual,Education Ministry (Myanmar),10/08/2005,30/03/2011,Chan Nyein
65009,Myanmar,Chan Nyein,Individual,Elite (Myanmar),beginning of time,end of time,Chan Nyein
65010,Myanmar,Chan Nyein,Individual,Pyithu Hluttaw,31/01/2011,30/03/2011,Chan Nyein
65011,Myanmar,Chettha Thanajaro,Individual,Elite (Myanmar),beginning of time,end of time,Chettha Thanajaro
65012,Myanmar,Chettha Thanajaro,Individual,Government (Myanmar),beginning of time,end of time,Chettha Thanajaro
65013,Myanmar,Chief Salimullah,Individual,Separatists (Myanmar),beginning of time,end of time,Chief Salimullah
65014,Myanmar,Chin National League for Democracy,Group,Protestors / Popular Opposition / Mobs (Myanmar),beginning of time,end of time,Chin National League For Democracy
65015,Myanmar,Chin Refugees,Group,Refugees / Displaced (Myanmar),beginning of time,end of time,Chin Refugees
65016,Myanmar,Chin Shing Thang,Individual,Protestors / Popular Opposition / Mobs (Myanmar),beginning of time,end of time,Chin Shing Thang
65017,Myanmar,Committee Representing the People's Parliament,Group,Protestors / Popular Opposition / Mobs (Myanmar),16/09/1998,end of time,Committee Representing The People'S Parliament || CRPP
65018,Myanmar,Cynthia Maung,Individual,Medical / Health NGOs (Myanmar),beginning of time,end of time,Cynthia Maung
65019,Myanmar,D Samram,Individual,Justice / Law Ministry (Myanmar),beginning of time,end of time,D Samram
65020,Myanmar,Daw Khin Mar Yi,Individual,Education (Myanmar),beginning of time,end of time,Daw Khin Mar Yi
65021,Myanmar,Daw Khin Phone Myint Kyu,Individual,Education (Myanmar),beginning of time,end of time,Daw Khin Phone Myint Kyu
65022,Myanmar,Daw Mary Minan,Individual,Justice / Law Ministry (Myanmar),beginning of time,end of time,Daw Mary Minan
65023,Myanmar,Daw Tin May Tun,Individual,Education (Myanmar),beginning of time,end of time,Daw Tin May Tun
65024,Myanmar,Democratic Federation of Burma,Group,Protestors / Popular Opposition / Mobs (Myanmar),beginning of time,end of time,Democratic Federation Of Burma
65025,Myanmar,Democratic Karen Buddhist Army,Group,Buddhist (Myanmar),beginning of time,end of time,Democratic Karen Buddhist Army || DKBA || Democratic Karen Benevolent Army
65026,Myanmar,Democratic Karen Buddhist Army,Group,Separatists (Myanmar),beginning of time,end of time,Democratic Karen Buddhist Army || DKBA || Democratic Karen Benevolent Army
65027,Myanmar,Democratic Organization for Kayah National Unity,Group,Protestors / Popular Opposition / Mobs (Myanmar),beginning of time,end of time,Democratic Organization For Kayah National Unity
65028,Myanmar,Democratic Party for a New Society Burma,Group,Protestors / Popular Opposition / Mobs (Myanmar),beginning of time,end of time,Democratic Party For A New Society Burma || Burma Democratic Party For A New Society
65029,Myanmar,Federation of Trade Unions of Burma,Group,Labor (Myanmar),beginning of time,end of time,Federation Of Trade Unions Of Burma || FTUB
65030,Myanmar,Fourth Brigade of the Kio,Group,Separatists (Myanmar),beginning of time,01/02/1994,Fourth Brigade Of The Kio || Fourth Brigade Of The Kia
65031,Myanmar,Fourth Brigade of the Kio,Group,Unidentified Forces (Myanmar),beginning of time,end of time,Fourth Brigade Of The Kio || Fourth Brigade Of The Kia
65032,Myanmar,Gen Tun Tun Oo,Individual,Justice / Law Ministry (Myanmar),15/09/2006,end of time,Gen Tun Tun Oo
65033,Myanmar,Gen Tun Tun Oo,Individual,Military (Myanmar),beginning of time,14/09/2006,Gen Tun Tun Oo
65034,Myanmar,God's Army Burma,Group,Christian (Myanmar),beginning of time,end of time,God'S Army || Burma God'S Army || God'S Army Burma
65035,Myanmar,God's Army Burma,Group,Separatists (Myanmar),beginning of time,end of time,God'S Army || Burma God'S Army || God'S Army Burma
65036,Myanmar,H.E. Maung Myint,Individual,Elite (Myanmar),beginning of time,end of time,H.E. Maung Myint
65037,Myanmar,H.E. Maung Myint,Individual,Government (Myanmar),beginning of time,end of time,H.E. Maung Myint
65038,Myanmar,Hauk Khant Mahn,Individual,Justice / Law Ministry (Myanmar),beginning of time,end of time,Hauk Khant Mahn
65039,Myanmar,Henry Van Thio,Individual,Elite (Myanmar),beginning of time,end of time,Henry Thio || Henry Van Thio
65040,Myanmar,Henry Van Thio,Individual,Executive Office (Myanmar),30/03/2016,end of time,Henry Thio || Henry Van Thio
65041,Myanmar,Hla Maung,Individual,Elite (Myanmar),beginning of time,end of time,Hla Maung
65042,Myanmar,Hla Maung,Individual,Government (Myanmar),beginning of time,end of time,Hla Maung
65043,Myanmar,Hla Min,Individual,Army (Myanmar),beginning of time,end of time,Hla Min
65044,Myanmar,Hla Min,Individual,Defense / Security Ministry (Myanmar),30/03/2011,07/09/2012,Hla Min
65045,Myanmar,Hla Tun,Individual,Army (Myanmar),beginning of time,01/01/2010,Hla Tun
65046,Myanmar,Hla Tun,Individual,Executive Office (Myanmar),27/08/2012,end of time,Hla Tun
65047,Myanmar,Hla Tun,Individual,Finance / Economy / Commerce / Trade Ministry (Myanmar),01/02/2003,27/08/2012,Hla Tun
65048,Myanmar,Hla Tun,Individual,Pyithu Hluttaw,31/01/2011,30/03/2011,Hla Tun
65049,Myanmar,Htay Kywe,Individual,Education (Myanmar),beginning of time,end of time,Htay Kywe
65050,Myanmar,Htay Kywe,Individual,Protestors / Popular Opposition / Mobs (Myanmar),beginning of time,end of time,Htay Kywe
65051,Myanmar,Htay Oo,Individual,Agriculture / Fishing / Forestry Ministry (Myanmar),18/09/2004,30/03/2011,Htay Oo
65052,Myanmar,Htay Oo,Individual,Defense / Security Ministry (Myanmar),beginning of time,24/08/2003,Htay Oo
65053,Myanmar,Htay Oo,Individual,Elite (Myanmar),25/08/2003,end of time,Htay Oo
65054,Myanmar,Htay Oo,Individual,Government (Myanmar),25/08/2003,17/09/2004,Htay Oo
65055,Myanmar,Htay Oo,Individual,Pyithu Hluttaw,31/01/2011,30/03/2011,Htay Oo
65056,Myanmar,Htin Kyaw,Individual,Elite (Myanmar),beginning of time,end of time,Htin Kyaw
65057,Myanmar,Htin Kyaw,Individual,Executive Office (Myanmar),01/04/2016,21/03/2018,Htin Kyaw
65058,Myanmar,Htun Oo,Individual,Protestors / Popular Opposition / Mobs (Myanmar),beginning of time,end of time,Htun Oo
65059,Myanmar,Johnny Htoo,Individual,Animist (Myanmar),beginning of time,end of time,Johnny Htoo || Johnny And Luter Htoo || Htoo Brother || Luther And Johnny Htoo || Luther Htoo
65060,Myanmar,Johnny Htoo,Individual,Christian (Myanmar),beginning of time,end of time,Johnny Htoo || Johnny And Luter Htoo || Htoo Brother || Luther And Johnny Htoo || Luther Htoo
65061,Myanmar,Johnny Htoo,Individual,Separatists (Myanmar),beginning of time,end of time,Johnny Htoo || Johnny And Luter Htoo || Htoo Brother || Luther And Johnny Htoo || Luther Htoo
65062,Myanmar,Johnny Htoo,Individual,VBSW,beginning of time,27/07/2006,Johnny Htoo || Johnny And Luter Htoo || Htoo Brother || Luther And Johnny Htoo || Luther Htoo
65063,Myanmar,Kachin Baptist Convention,Group,Christian (Myanmar),beginning of time,end of time,Kachin Baptist Convention
65064,Myanmar,Kachin Independence Army,Group,Separatists (Myanmar),beginning of time,end of time,Kachin Independence Army || Kachin Defense Army
65065,Myanmar,Kachin Independence Organization,Group,Separatists (Myanmar),beginning of time,end of time,Kachin Independence Organisation || Kachin Independence Organization
65066,Myanmar,Kachin Refugee Committee,Group,Refugees / Displaced (Myanmar),beginning of time,end of time,Kachin Refugee Committee
65067,Myanmar,Kachin Refugees,Group,Refugees / Displaced (Myanmar),beginning of time,end of time,Kachin Refugees
65068,Myanmar,Kachin State National Congress for Democracy,Group,Protestors / Popular Opposition / Mobs (Myanmar),beginning of time,end of time,Kachin State National Congress For Democracy
65069,Myanmar,Kan Zaw,Individual,Women / Children / Social / Welfare / Development / Religion Ministry (Myanmar),beginning of time,end of time,Kan Zaw
65070,Myanmar,Karen National Liberation Army,Group,Separatists (Myanmar),beginning of time,end of time,Karen National Liberation Army
65071,Myanmar,Karen National Union,Group,Separatists (Myanmar),beginning of time,end of time,Karen National Union || Kayin National Union || KNU
65072,Myanmar,Karen Rebel,Group,Separatists (Myanmar),beginning of time,end of time,Karen Guerrilla || Karen Rebel
65073,Myanmar,Karen Refugee,Group,Refugees / Displaced (Myanmar),beginning of time,end of time,Karen Refugee || Karen Refugees
65074,Myanmar,Karen Resistance,Group,Separatists (Myanmar),beginning of time,end of time,Karen Resistance
65075,Myanmar,Karenni National Progressive Party,Group,Protestors / Popular Opposition / Mobs (Myanmar),beginning of time,end of time,Karenni National Progressive Party
65076,Myanmar,Karenni Refugees,Group,Refugees / Displaced (Myanmar),beginning of time,end of time,Karenni Refugees
65077,Myanmar,Kawthoolei,Group,Separatists (Myanmar),beginning of time,end of time,Kawthoolei
65078,Myanmar,Kayah State Nationalities League for Democracy,Group,Protestors / Popular Opposition / Mobs (Myanmar),beginning of time,end of time,Kayah State Nationalities League For Democracy
65079,Myanmar,Kayan Refugees,Group,Refugees / Displaced (Myanmar),beginning of time,end of time,Kayan Refugees
65080,Myanmar,Kayinni Progressive Army,Group,Separatists (Myanmar),beginning of time,31/12/2006,Kayinni Progressive Army
65081,Myanmar,Khin Maung,Individual,Education (Myanmar),beginning of time,end of time,Khin Maung
65082,Myanmar,Khin Maung,Individual,Protestors / Popular Opposition / Mobs (Myanmar),beginning of time,end of time,Khin Maung
65083,Myanmar,Khin Maung Bo,Individual,Military (Myanmar),beginning of time,end of time,Khin Maung Bo
65084,Myanmar,Khin Maung Nyunt,Individual,General Population / Civilian / Social (Myanmar),beginning of time,end of time,Khin Maung Nyunt
65085,Myanmar,Khin Myaung Myint,Individual,Army (Myanmar),beginning of time,end of time,Khin Myaung Myint || Khin Maung Myint
65086,Myanmar,Khin Myaung Myint,Individual,Energy Ministry (Myanmar),16/05/2006,30/03/2011,Khin Myaung Myint || Khin Maung Myint
65087,Myanmar,Khin Myaung Myint,Individual,Pyithu Hluttaw,31/01/2011,30/03/2011,Khin Myaung Myint || Khin Maung Myint
65088,Myanmar,Khin Myaung Myint,Individual,Women / Children / Social / Welfare / Development / Religion Ministry (Myanmar),05/02/2009,28/08/2012,Khin Myaung Myint || Khin Maung Myint
65089,Myanmar,Khin Nyunt,Individual,Elite (Myanmar),25/08/2003,end of time,Khin Nyunt || Kyin Nyunt
65090,Myanmar,Khin Nyunt,Individual,Executive Office (Myanmar),25/08/2003,19/10/2004,Khin Nyunt || Kyin Nyunt
65091,Myanmar,Khin Nyunt,Individual,Government (Myanmar),25/08/2003,18/10/2004,Khin Nyunt || Kyin Nyunt
65092,Myanmar,Khin Nyunt,Individual,Military Intelligence (Myanmar),beginning of time,24/08/2003,Khin Nyunt || Kyin Nyunt
65093,Myanmar,Khin Nyunt,Individual,Protestors / Popular Opposition / Mobs (Myanmar),beginning of time,end of time,Khin Nyunt || Kyin Nyunt
65094,Myanmar,Khin Yi,Individual,Police (Myanmar),beginning of time,30/03/2011,Khin Yi
65095,Myanmar,Khin Yi,Individual,Women / Children / Social / Welfare / Development / Religion Ministry (Myanmar),30/03/2011,end of time,Khin Yi
65096,Myanmar,Khun Hsa,Individual,Separatists (Myanmar),beginning of time,26/10/2007,Khun Hsa
65097,Myanmar,Khun Hsa,Individual,Shan United Army,beginning of time,end of time,Khun Hsa
65098,Myanmar,Khun Hsan Shwe,Individual,General Population / Civilian / Social (Myanmar),beginning of time,end of time,Khun Hsan Shwe
65099,Myanmar,Khun Sa,Individual,Separatists (Myanmar),beginning of time,26/10/2007,Khun Sa || Prince Prosperous || Chang Chi Fu
65100,Myanmar,Khun Sa,Individual,Shan United Army,beginning of time,26/10/2007,Khun Sa || Prince Prosperous || Chang Chi Fu
65101,Myanmar,Khun Sai,Individual,Education (Myanmar),beginning of time,end of time,Khun Sai
65102,Myanmar,Khun Sai,Individual,Protestors / Popular Opposition / Mobs (Myanmar),beginning of time,end of time,Khun Sai
65103,Myanmar,Kin Aung Myint,Individual,Army (Myanmar),beginning of time,end of time,Khin Aung Myint || Kin Aung Myint
65104,Myanmar,Kin Aung Myint,Individual,Local (Myanmar),31/01/2011,end of time,Khin Aung Myint || Kin Aung Myint
65105,Myanmar,Kin Aung Myint,Individual,Women / Children / Social / Welfare / Development / Religion Ministry (Myanmar),15/05/2006,30/03/2011,Khin Aung Myint || Kin Aung Myint
65106,Myanmar,Ko Aung Tun,Individual,Education (Myanmar),beginning of time,end of time,Ko Aung Tun
65107,Myanmar,Ko Aung Tun,Individual,Protestors / Popular Opposition / Mobs (Myanmar),beginning of time,end of time,Ko Aung Tun
65108,Myanmar,Ko Hla Myo Naung,Individual,Education (Myanmar),beginning of time,end of time,Ko Hla Myo Naung
65109,Myanmar,Ko Hla Myo Naung,Individual,Protestors / Popular Opposition / Mobs (Myanmar),beginning of time,end of time,Ko Hla Myo Naung
65110,Myanmar,Ko Khin Tun,Individual,Education (Myanmar),beginning of time,end of time,Ko Khin Tun
65111,Myanmar,Ko Khin Tun,Individual,Protestors / Popular Opposition / Mobs (Myanmar),beginning of time,end of time,Ko Khin Tun
65112,Myanmar,Ko Kyaw Ko Ko,Group,Education (Myanmar),beginning of time,end of time,Ko Kyaw Ko Ko
65113,Myanmar,Ko Kyaw Ko Ko,Group,Protestors / Popular Opposition / Mobs (Myanmar),beginning of time,end of time,Ko Kyaw Ko Ko
65114,Myanmar,Ko Mya Aye,Individual,Protestors / Popular Opposition / Mobs (Myanmar),beginning of time,end of time,Ko Mya Aye
65115,Myanmar,Ko Win Shwe,Individual,Protestors / Popular Opposition / Mobs (Myanmar),beginning of time,end of time,Ko Win Shwe
65116,Myanmar,Kokang Democracy and Unity Party,Group,Protestors / Popular Opposition / Mobs (Myanmar),beginning of time,end of time,Kokang Democracy And Unity Party || Shan State Kokang Democratic Party
65117,Myanmar,Kyaw Ba,Individual,Military (Myanmar),beginning of time,28/01/1998,Kyaw Ba
65118,Myanmar,Kyaw Ba,Individual,Protestors / Popular Opposition / Mobs (Myanmar),beginning of time,end of time,Kyaw Ba
65119,Myanmar,Kyaw Hsan,Individual,Elite (Myanmar),beginning of time,end of time,Kyaw Hsan
65120,Myanmar,Kyaw Hsan,Individual,Industrial / Textiles / Mining Ministry (Myanmar),27/08/2012,end of time,Kyaw Hsan
65121,Myanmar,Kyaw Hsan,Individual,Information / Communication / Transparency Ministry (Myanmar),13/09/2002,27/08/2012,Kyaw Hsan
65122,Myanmar,Kyaw Hsan,Individual,Pyithu Hluttaw,31/01/2011,30/03/2011,Kyaw Hsan
65123,Myanmar,Kyaw Hsan,Individual,Women / Children / Social / Welfare / Development / Religion Ministry (Myanmar),30/03/2011,27/08/2012,Kyaw Hsan
65124,Myanmar,Kyaw Myint,Individual,Health Ministry (Myanmar),01/01/2000,31/01/2003,Kyaw Myint
65125,Myanmar,Kyaw Myint,Individual,Health Ministry (Myanmar),01/02/2003,30/03/2011,Kyaw Myint
65126,Myanmar,Kyaw Myint,Individual,Medical / Health (Myanmar),beginning of time,end of time,Kyaw Myint
65127,Myanmar,Kyaw Myint,Individual,Pyithu Hluttaw,31/01/2011,end of time,Kyaw Myint
65128,Myanmar,Kyaw Myint Oo,Individual,Education (Myanmar),beginning of time,end of time,Kyaw Myint Oo
65129,Myanmar,Kyaw Than,Individual,Finance / Economy / Commerce / Trade Ministry (Myanmar),01/01/1997,28/10/1999,Kyaw Than
65130,Myanmar,Kyaw Tint Swe,Individual,Elite (Myanmar),beginning of time,end of time,Kyaw Tint Swe || Kyaw Swe
65131,Myanmar,Kyaw Tint Swe,Individual,Government (Myanmar),beginning of time,end of time,Kyaw Tint Swe || Kyaw Swe
65132,Myanmar,Kyaw Tint Swe,Individual,Interior / Home Ministry (Myanmar),30/03/2016,end of time,Kyaw Tint Swe || Kyaw Swe
65133,Myanmar,Kyaw Win,Individual,Elite (Myanmar),beginning of time,end of time,Kyaw Win
65134,Myanmar,Kyaw Win,Individual,Finance / Economy / Commerce / Trade Ministry (Myanmar),30/03/2016,end of time,Kyaw Win
65135,Myanmar,Kyaw Win,Individual,Government (Myanmar),beginning of time,end of time,Kyaw Win
65136,Myanmar,Kyaw Zaw,Individual,Military (Myanmar),beginning of time,01/04/1957,Kyaw Zaw
65137,Myanmar,Kyaw Zaw,Individual,National Coalition Government of the Union of Burma,beginning of time,end of time,Kyaw Zaw
65138,Myanmar,Kyaw Zaw,Individual,Protestors / Popular Opposition / Mobs (Myanmar),beginning of time,end of time,Kyaw Zaw
65139,Myanmar,Kyi Aung,Individual,Government (Myanmar),beginning of time,end of time,Kyi Aung
65140,Myanmar,Kyi Maung,Individual,Protestors / Popular Opposition / Mobs (Myanmar),beginning of time,end of time,Kyi Maung
65141,Myanmar,Lahu National Development Party,Group,Protestors / Popular Opposition / Mobs (Myanmar),beginning of time,end of time,Lahu National Development Party
65142,Myanmar,Lun Thi,Individual,Energy Ministry (Myanmar),20/12/1997,30/03/2011,Lun Thi
65143,Myanmar,Lun Thi,Individual,Pyithu Hluttaw,31/01/2011,end of time,Lun Thi
65144,Myanmar,Ma Cho Nwe Oo,Individual,Protestors / Popular Opposition / Mobs (Myanmar),beginning of time,end of time,Ma Cho Nwe Oo
65145,Myanmar,Ma Phyu Phyu Thin,Individual,Protestors / Popular Opposition / Mobs (Myanmar),beginning of time,end of time,Ma Phyu Phyu Thin
65146,Myanmar,Ma Su Su Nway,Individual,Protestors / Popular Opposition / Mobs (Myanmar),beginning of time,end of time,Ma Su Su Nway
65147,Myanmar,Maung Aye,Individual,Elite (Myanmar),beginning of time,end of time,Maung Aye
65148,Myanmar,Maung Aye,Individual,Government (Myanmar),beginning of time,end of time,Maung Aye
65149,Myanmar,Maung Aye,Individual,Government (Myanmar),30/03/1993,27/04/1994,Maung Aye
65150,Myanmar,Maung Aye,Individual,Military (Myanmar),beginning of time,29/03/1993,Maung Aye
65151,Myanmar,Maung Aye,Individual,Military (Myanmar),30/03/1993,27/04/1994,Maung Aye
65152,Myanmar,Maung Maung,Individual,Elite (Myanmar),01/01/1943,19/08/1988,Maung Maung
65153,Myanmar,Maung Maung,Individual,Elite (Myanmar),18/09/1988,01/01/1994,Maung Maung
65154,Myanmar,Maung Maung,Individual,Government (Myanmar),19/08/1988,18/09/1988,Maung Maung
65155,Myanmar,Maung Maung Kha,Individual,Elite (Myanmar),01/01/1938,29/03/1977,Maung Maung Kha
65156,Myanmar,Maung Maung Kha,Individual,Elite (Myanmar),26/07/1988,01/01/1995,Maung Maung Kha
65157,Myanmar,Maung Maung Kha,Individual,Government (Myanmar),29/03/1977,26/07/1988,Maung Maung Kha
65158,Myanmar,Maung Maung Swe,Individual,Elite (Myanmar),beginning of time,end of time,Maung Maung Swe
65159,Myanmar,Maung Maung Swe,Individual,Government (Myanmar),beginning of time,end of time,Maung Maung Swe
65160,Myanmar,Maung Maung Swe,Individual,Military (Myanmar),beginning of time,14/05/2006,Maung Maung Swe
65161,Myanmar,Maung Maung Thein,Individual,Agriculture / Fishing / Forestry Ministry (Myanmar),beginning of time,end of time,Maung Maung Thein
65162,Myanmar,Maung Maung Win,Individual,Finance / Economy / Commerce / Trade Ministry (Myanmar),beginning of time,end of time,Maung Maung Win
65163,Myanmar,Maung Maung Wint,Individual,Education (Myanmar),beginning of time,end of time,Maung Maung Wint
65164,Myanmar,Maung Maung Wint,Individual,Medical / Health NGOs (Myanmar),beginning of time,end of time,Maung Maung Wint
65165,Myanmar,Maung Oo,Individual,Elite (Myanmar),beginning of time,end of time,Maung Oo
65166,Myanmar,Maung Oo,Individual,Interior / Home Ministry (Myanmar),05/11/2004,31/03/2011,Maung Oo
65167,Myanmar,Maung Pu,Individual,Elite (Myanmar),beginning of time,end of time,Maung Pu
65168,Myanmar,Maung Pu,Individual,Government (Myanmar),beginning of time,end of time,Maung Pu
65169,Myanmar,Min Aung Hlaing,Individual,Military (Myanmar),beginning of time,end of time,Min Aung Hlaing || Min Aung Hlang
65170,Myanmar,Min Ko Naing,Individual,Education (Myanmar),beginning of time,end of time,Min Ko Naing
65171,Myanmar,Min Ko Naing,Individual,Protestors / Popular Opposition / Mobs (Myanmar),beginning of time,end of time,Min Ko Naing
65172,Myanmar,Min Soe Lin,Individual,Protestors / Popular Opposition / Mobs (Myanmar),beginning of time,end of time,Min Soe Lin
65173,Myanmar,Moethee Zun,Individual,Protestors / Popular Opposition / Mobs (Myanmar),beginning of time,end of time,Moethee Zun
65174,Myanmar,Mohammed Yunus,Individual,Protestors / Popular Opposition / Mobs (Myanmar),beginning of time,end of time,Mohammed Yunus
65175,Myanmar,Mon National Democratic Front,Group,Protestors / Popular Opposition / Mobs (Myanmar),beginning of time,end of time,MNDF || Mon National Democratic Front
65176,Myanmar,Mong Tai Army,Group,Separatists (Myanmar),beginning of time,end of time,Mong Tai Army
65177,Myanmar,Mra Aung,Individual,National United Party of Arakan,beginning of time,end of time,Mra Aung
65178,Myanmar,Mra Aung,Individual,Protestors / Popular Opposition / Mobs (Myanmar),beginning of time,end of time,Mra Aung
65179,Myanmar,MRO Unity Organization,Group,Protestors / Popular Opposition / Mobs (Myanmar),beginning of time,end of time,Mro=Unity Organization
65180,Myanmar,Myanmar Baptist Convention,Group,Christian (Myanmar),beginning of time,end of time,Myanmar Baptist Convention
65181,Myanmar,Myanmar Christian Council of Churches,Group,Christian (Myanmar),beginning of time,end of time,Myanmar Christian Council Of Churches
65182,Myanmar,Myint Aung,Individual,Military (Myanmar),beginning of time,28/01/1998,Myint Aung
65183,Myanmar,Myint Aung,Individual,Protestors / Popular Opposition / Mobs (Myanmar),beginning of time,end of time,Myint Aung
65184,Myanmar,Myint Hlaing,Individual,Agriculture / Fishing / Forestry Ministry (Myanmar),30/03/2011,end of time,Myint Hlaing
65185,Myanmar,Myint Hlaing,Individual,Pyithu Hluttaw,31/01/2011,30/03/2011,Myint Hlaing
65186,Myanmar,Myint Naing,Individual,Protestors / Popular Opposition / Mobs (Myanmar),beginning of time,end of time,Myint Naing
65187,Myanmar,Myint Thein,Individual,Protestors / Popular Opposition / Mobs (Myanmar),beginning of time,end of time,Myint Thein
65188,Myanmar,Myo Thant Tin,Individual,Education (Myanmar),beginning of time,end of time,Mayo Thant Tin || Myo Thant Tin
65189,Myanmar,Myo Tint,Individual,Military (Myanmar),beginning of time,28/01/1998,Myo Tint
65190,Myanmar,Myo Tint,Individual,Protestors / Popular Opposition / Mobs (Myanmar),beginning of time,end of time,Myo Tint
65191,Myanmar,N Zaw Naw,Individual,Justice / Law Ministry (Myanmar),beginning of time,end of time,N Zaw Naw
65192,Myanmar,Naga Hills Regional Progressive Party,Group,Protestors / Popular Opposition / Mobs (Myanmar),beginning of time,end of time,Naga Hills Regional Progressive Party
65193,Myanmar,Nai Hong Sar,Individual,New Mon State Party,beginning of time,end of time,Nai Hong Sar || Nai Hongsa || Nai Hongsar
65194,Myanmar,Naing Aung,Individual,Education (Myanmar),beginning of time,end of time,Naing Aung
65195,Myanmar,Naing Aung,Individual,Insurgents (Myanmar),beginning of time,end of time,Naing Aung
65196,Myanmar,National Coalition Government of the Union of Burma,Group,Protestors / Popular Opposition / Mobs (Myanmar),18/12/1990,end of time,National Coalition Of The Union Of Burma || National Council Of The Union Of Burma || National Coalition Government Of The Union Of Burma || NCGUB
65197,Myanmar,National Council Union of Burma,Group,Protestors / Popular Opposition / Mobs (Myanmar),beginning of time,end of time,National Council Union Of Burma
65198,Myanmar,National Democratic Party for Human Rights Burma,Group,Protestors / Popular Opposition / Mobs (Myanmar),beginning of time,end of time,National Democratic Party For Human Rights Burma || Burma National Democratic Party For Human Rights
65199,Myanmar,National League for Democracy,Group,Protestors / Popular Opposition / Mobs (Myanmar),beginning of time,end of time,National League For Democracy || Nld=Congress
65200,Myanmar,National Union Party Burma,Group,Government Major Party (In Government) (Myanmar),beginning of time,end of time,National Union Party Burma || Burma National Union Party
65201,Myanmar,National United Party of Arakan,Group,Insurgents (Myanmar),beginning of time,end of time,National United Party Of Arakan || National Union Party Of Arakan
65202,Myanmar,Ne Win,Individual,Elite (Myanmar),01/01/1929,02/03/1962,Ne Win
65203,Myanmar,Ne Win,Individual,Elite (Myanmar),09/11/1981,01/01/2002,Ne Win
65204,Myanmar,Ne Win,Individual,Government (Myanmar),02/03/1962,09/11/1981,Ne Win
65205,Myanmar,Ner Dah,Individual,Christian (Myanmar),beginning of time,end of time,Ner Dah
65206,Myanmar,Ner Dah,Individual,Media (Myanmar),beginning of time,end of time,Ner Dah
65207,Myanmar,Ner Dah,Individual,Separatists (Myanmar),beginning of time,end of time,Ner Dah
65208,Myanmar,New Light of Myanmar,Group,Information / Communication / Transparency Ministry (Myanmar),beginning of time,end of time,New Light Of Myanmar
65209,Myanmar,New Mon State Party,Group,Protestors / Popular Opposition / Mobs (Myanmar),beginning of time,end of time,New Mon State Party
65210,Myanmar,Ngwe Soe,Individual,General Population / Civilian / Social (Myanmar),beginning of time,end of time,Ngwe Soe
65211,Myanmar,Nilar Thein,Individual,Education (Myanmar),beginning of time,end of time,Nilar Thein
65212,Myanmar,Nilar Thein,Individual,Protestors / Popular Opposition / Mobs (Myanmar),beginning of time,end of time,Nilar Thein
65213,Myanmar,NLD Youth Wing,Group,Protestors / Popular Opposition / Mobs (Myanmar),beginning of time,end of time,Nld=Youth Wing
65214,Myanmar,Nyan Tun,Individual,Executive Office (Myanmar),15/08/2012,29/03/2016,Nyan Tun
65215,Myanmar,Nyan Tun,Individual,Legislative / Parliamentary (Myanmar),beginning of time,end of time,Nyan Tun
65216,Myanmar,Nyan Tun,Individual,Navy (Myanmar),beginning of time,end of time,Nyan Tun
65217,Myanmar,Nyan Tun Aung,Individual,Air Force (Myanmar),beginning of time,31/12/2010,Nyan Aung || Nyan Tun Aung
65218,Myanmar,Nyan Tun Aung,Individual,Elite (Myanmar),beginning of time,end of time,Nyan Aung || Nyan Tun Aung
65219,Myanmar,Nyan Tun Aung,Individual,Pyithu Hluttaw,31/01/2011,30/03/2011,Nyan Aung || Nyan Tun Aung
65220,Myanmar,Nyan Tun Aung,Individual,Transportation Ministry (Myanmar),30/03/2011,end of time,Nyan Aung || Nyan Tun Aung
65221,Myanmar,Nyi Nap,Individual,General Population / Civilian / Social (Myanmar),beginning of time,end of time,Nyi Nap
65222,Myanmar,Nyunt Maung,Individual,Business (Myanmar),beginning of time,end of time,Nyunt Maung
65223,Myanmar,Nyunt Tin,Individual,Justice / Law Ministry (Myanmar),beginning of time,end of time,Nyunt Tin
65224,Myanmar,Ohn Gyaw,Individual,Elite (Myanmar),beginning of time,end of time,Ohn Gyaw
65225,Myanmar,Ohn Gyaw,Individual,Government (Myanmar),beginning of time,14/11/1998,Ohn Gyaw
65226,Myanmar,Ohn Myint,Individual,Elite (Myanmar),beginning of time,end of time,Ohn Myint
65227,Myanmar,Ohn Myint,Individual,Government (Myanmar),beginning of time,end of time,Ohn Myint
65228,Myanmar,Padoh Mahn Shah,Individual,Christian (Myanmar),beginning of time,end of time,Padoh Mahn Shah
65229,Myanmar,Padoh Mahn Shah,Individual,Karen National Union,beginning of time,end of time,Padoh Mahn Shah
65230,Myanmar,Padoh Mahn Shah,Individual,Separatists (Myanmar),beginning of time,end of time,Padoh Mahn Shah
65231,Myanmar,Party for National Democracy Burma,Group,Protestors / Popular Opposition / Mobs (Myanmar),beginning of time,end of time,Burma Party For National Democracy || Party For National Democracy Burma
65232,Myanmar,Pe Thet Khin,Individual,Health Ministry (Myanmar),30/03/2011,end of time,Pe Thet Khin || Pe Khin
65233,Myanmar,Pe Thet Khin,Individual,Medical / Health (Myanmar),beginning of time,end of time,Pe Thet Khin || Pe Khin
65234,Myanmar,Pongsak Rojanasakul,Individual,Protestors / Popular Opposition / Mobs (Myanmar),beginning of time,end of time,Pongsak Rojanasakul
65235,Myanmar,Pyaih Sone,Individual,Elite (Myanmar),beginning of time,end of time,Pyaih Sone || Pyi Sone
65236,Myanmar,Pyaih Sone,Individual,Finance / Economy / Commerce / Trade Ministry (Myanmar),29/10/1999,17/09/2004,Pyaih Sone || Pyi Sone
65237,Myanmar,Pyaih Sone,Individual,Government (Myanmar),15/11/1997,28/10/1999,Pyaih Sone || Pyi Sone
65238,Myanmar,Pyaih Sone,Individual,Government (Myanmar),18/09/2004,11/08/2005,Pyaih Sone || Pyi Sone
65239,Myanmar,Pyithu Hluttaw,Group,Legislative / Parliamentary (Myanmar),beginning of time,end of time,Pyithu Hluttaw
65240,Myanmar,Rohingya Solidarity Organization,Group,Muslim (Myanmar),beginning of time,end of time,Rohingya Solidarity Organization || Rohingya Solidarity Organisation
65241,Myanmar,Rohingya Solidarity Organization,Group,Refugees / Displaced (Myanmar),beginning of time,end of time,Rohingya Solidarity Organization || Rohingya Solidarity Organisation
65242,Myanmar,Rohingya Solidarity Organization,Group,Separatists (Myanmar),beginning of time,end of time,Rohingya Solidarity Organization || Rohingya Solidarity Organisation
65243,Myanmar,Royhinga Refugees,Group,Refugees / Displaced (Myanmar),beginning of time,end of time,Royhinga Refugees
65244,Myanmar,Sai Kyaw Zan,Individual,Justice / Law Ministry (Myanmar),beginning of time,end of time,Sai Kyaw Zan
65245,Myanmar,Sai Lao Hseng,Individual,Media (Myanmar),beginning of time,end of time,Sai Lao Hseng
65246,Myanmar,Sai Lao Hseng,Individual,Separatists (Myanmar),beginning of time,end of time,Sai Lao Hseng
65247,Myanmar,Sai Lek,Individual,Separatists (Myanmar),beginning of time,09/01/1995,Sai Lek
65248,Myanmar,Sai Lek,Individual,Shan Rebel,beginning of time,end of time,Sai Lek
65249,Myanmar,Sai Mauk Kham,Individual,Executive Office (Myanmar),30/03/2011,29/03/2016,S M Kham || S Kham || S. M. Kham || Sai Mauk Kham || S. Kham || Sai Kham
65250,Myanmar,San Lwin,Individual,Education (Myanmar),beginning of time,end of time,San Lwin
65251,Myanmar,San Yu,Individual,Elite (Myanmar),01/01/1936,09/11/1981,San Yu
65252,Myanmar,San Yu,Individual,Elite (Myanmar),25/07/1988,01/01/1996,San Yu
65253,Myanmar,San Yu,Individual,Government (Myanmar),09/11/1981,25/07/1988,San Yu
65254,Myanmar,Sann Aung,Individual,National Coalition Government of the Union of Burma,beginning of time,end of time,Sann Aung
65255,Myanmar,Sann Aung,Individual,Protestors / Popular Opposition / Mobs (Myanmar),beginning of time,end of time,Sann Aung
65256,Myanmar,Sann Sann,Individual,Protestors / Popular Opposition / Mobs (Myanmar),beginning of time,end of time,Sann Sann
65257,Myanmar,Sao Hso Hten,Individual,Separatists (Myanmar),beginning of time,end of time,Sao Hso Hten
65258,Myanmar,Saw Lwin,Individual,Finance / Economy / Commerce / Trade Ministry (Myanmar),beginning of time,end of time,Saw Lwin
65259,Myanmar,Saw Maung,Individual,Defense / Security Ministry (Myanmar),beginning of time,22/04/1992,Saw Maung
65260,Myanmar,Saw Maung,Individual,Elite (Myanmar),23/04/1992,24/07/1997,Saw Maung
65261,Myanmar,Saw Maung,Individual,Executive Office (Myanmar),21/09/1988,23/04/1992,Saw Maung
65262,Myanmar,Saw Maung,Individual,Government (Myanmar),18/09/1988,23/04/1992,Saw Maung
65263,Myanmar,Saw Shwe Sho,Individual,Military (Myanmar),beginning of time,end of time,Saw Shwe Sho
65264,Myanmar,Saw Tin Oo,Individual,Insurgents (Myanmar),beginning of time,end of time,Saw Tin Oo
65265,Myanmar,Saw Tun,Individual,Elite (Myanmar),beginning of time,end of time,Saw Tun
65266,Myanmar,Saw Tun,Individual,Government (Myanmar),beginning of time,end of time,Saw Tun
65267,Myanmar,Sein Lwin,Individual,Elite (Myanmar),01/01/1942,25/07/1988,Sein Lwin
65268,Myanmar,Sein Lwin,Individual,Elite (Myanmar),12/08/1988,01/01/2004,Sein Lwin
65269,Myanmar,Sein Lwin,Individual,Government (Myanmar),25/07/1988,12/08/1988,Sein Lwin
65270,Myanmar,Sein Win,Individual,Defense / Security Ministry (Myanmar),30/03/2016,end of time,Sein Win
65271,Myanmar,Sein Win,Individual,National Coalition Government of the Union of Burma,beginning of time,end of time,Sein Win
65272,Myanmar,Sein Win,Individual,Protestors / Popular Opposition / Mobs (Myanmar),18/12/1990,end of time,Sein Win
65273,Myanmar,Shan Nationalities League for Democracy,Group,Protestors / Popular Opposition / Mobs (Myanmar),beginning of time,end of time,SNLD || Shan Nationalities Leaguefor Democracy || Shan Nationalities League For Democracy
65274,Myanmar,Shan Rebel,Group,Separatists (Myanmar),beginning of time,end of time,Shan Rebel
65275,Myanmar,Shan State Army,Group,Separatists (Myanmar),beginning of time,end of time,Shan State Army || SSA=S
65276,Myanmar,Shan State Restoration Committeee,Group,Separatists (Myanmar),beginning of time,end of time,Shan State Restoration Committeee
65277,Myanmar,Shan United Army,Group,Separatists (Myanmar),beginning of time,end of time,Shan United Army
65278,Myanmar,Shi Thee,Individual,Education Ministry (Myanmar),beginning of time,end of time,Shi Thee
65279,Myanmar,Shwe Mann,Individual,Women / Children / Social / Welfare / Development / Religion Ministry (Myanmar),beginning of time,end of time,Shwe Mann
65280,Myanmar,Soe Linn,Individual,Protestors / Popular Opposition / Mobs (Myanmar),beginning of time,end of time,Soe Linn
65281,Myanmar,Soe Maung,Individual,Executive Office (Myanmar),30/03/2011,end of time,Soe Maung
65282,Myanmar,Soe Maung,Individual,Justice / Law Ministry (Myanmar),beginning of time,30/01/2011,Soe Maung
65283,Myanmar,Soe Maung,Individual,Pyithu Hluttaw,31/01/2011,30/03/2011,Soe Maung
65284,Myanmar,Soe Naing,Individual,Finance / Economy / Commerce / Trade Ministry (Myanmar),beginning of time,end of time,Soe Naing
65285,Myanmar,Soe Tha,Individual,Pyithu Hluttaw,30/03/2011,end of time,Soe Tha
65286,Myanmar,Soe Tha,Individual,Women / Children / Social / Welfare / Development / Religion Ministry (Myanmar),20/12/1997,30/03/2011,Soe Tha
65287,Myanmar,Soe Thane,Individual,Government (Myanmar),beginning of time,end of time,Soe Thane
65288,Myanmar,Soe Thein,Individual,Executive Office (Myanmar),27/08/2012,end of time,Soe Thein
65289,Myanmar,Soe Thein,Individual,Industrial / Textiles / Mining Ministry (Myanmar),01/06/2008,27/08/2012,Soe Thein
65290,Myanmar,Soe Thein,Individual,Military (Myanmar),beginning of time,end of time,Soe Thein
65291,Myanmar,Soe Thein,Individual,Pyithu Hluttaw,31/01/2011,30/03/2011,Soe Thein
65292,Myanmar,Soe Win,Individual,Elite (Myanmar),15/11/1997,end of time,Soe Win
65293,Myanmar,Soe Win,Individual,Executive Office (Myanmar),19/10/2004,12/10/2007,Soe Win
65294,Myanmar,Soe Win,Individual,Government (Myanmar),15/11/1997,12/10/2007,Soe Win
65295,Myanmar,Soe Win,Individual,Military (Myanmar),beginning of time,14/11/1997,Soe Win
65296,Myanmar,Soer Yin,Individual,Education (Myanmar),beginning of time,end of time,Soer Yin
65297,Myanmar,SPDC Army,Group,Military (Myanmar),beginning of time,end of time,Spdc=Army
65298,Myanmar,State Peace and Development,Group,Government (Myanmar),beginning of time,end of time,SLORC || SPDC || State Law And Order Restoration Council || State Peace And Development
65299,Myanmar,Steve Tickner,Individual,The Irrawaddy,beginning of time,end of time,Steve Tickner
65300,Myanmar,Su Su New,Individual,Protestors / Popular Opposition / Mobs (Myanmar),beginning of time,end of time,Su Su New
65301,Myanmar,Ta-ang (Palaung) National League for Democracy,Group,Protestors / Popular Opposition / Mobs (Myanmar),beginning of time,end of time,Ta-Ang Palaung National League For Democracy
65302,Myanmar,Tai Jo Khoy,Individual,Insurgents (Myanmar),beginning of time,end of time,Tai Jo Khoy
65303,Myanmar,Tai Jo Khoy,Individual,National United Party of Arakan,beginning of time,end of time,Tai Jo Khoy
65304,Myanmar,Tatmadaw,Group,Military (Myanmar),beginning of time,end of time,Tatmadaw
65305,Myanmar,Teddy Buri,Individual,Protestors / Popular Opposition / Mobs (Myanmar),beginning of time,end of time,Teddy Buri
65306,Myanmar,Tha Hla,Individual,Justice / Law Ministry (Myanmar),beginning of time,end of time,Tha Hla
65307,Myanmar,Than Htay,Individual,Army (Myanmar),beginning of time,31/12/2010,Than Htay
65308,Myanmar,Than Htay,Individual,Energy Ministry (Myanmar),30/03/2011,end of time,Than Htay
65309,Myanmar,Than Htay,Individual,Pyithu Hluttaw,31/01/2011,30/03/2011,Than Htay
65310,Myanmar,Than Kyaw,Individual,Justice / Law Ministry (Myanmar),beginning of time,end of time,Than Kyaw
65311,Myanmar,Than Nyein,Individual,Protestors / Popular Opposition / Mobs (Myanmar),beginning of time,end of time,Than Nyein
65312,Myanmar,Than Nyun,Individual,Government (Myanmar),beginning of time,end of time,Than Nyun
65313,Myanmar,Than Shwe,Individual,Elite (Myanmar),23/04/1992,end of time,Than Shwe || Than Shew
65314,Myanmar,Than Shwe,Individual,Executive Office (Myanmar),24/04/1992,25/08/2003,Than Shwe || Than Shew
65315,Myanmar,Than Shwe,Individual,Government (Myanmar),23/04/1992,15/11/1997,Than Shwe || Than Shew
65316,Myanmar,Than Shwe,Individual,Government (Myanmar),15/11/1997,30/03/2011,Than Shwe || Than Shew
65317,Myanmar,Than Shwe,Individual,Military (Myanmar),23/04/1992,30/03/2011,Than Shwe || Than Shew
65318,Myanmar,Than Win Hlaing,Individual,Media (Myanmar),beginning of time,end of time,Than Win Hlaing
65319,Myanmar,Than Win Hlaing,Individual,Protestors / Popular Opposition / Mobs (Myanmar),beginning of time,end of time,Than Win Hlaing
65320,Myanmar,Thaung Myint,Individual,General Population / Civilian / Social (Myanmar),beginning of time,end of time,Thaung Myint
65321,Myanmar,Thaung Tun,Individual,Media (Myanmar),beginning of time,end of time,Thaung Tun
65322,Myanmar,Thaung Tun,Individual,Protestors / Popular Opposition / Mobs (Myanmar),beginning of time,end of time,Thaung Tun
65323,Myanmar,The Irrawaddy,Group,Media (Myanmar),beginning of time,end of time,The Irrawaddy
65324,Myanmar,The Irrawaddy,Group,Protestors / Popular Opposition / Mobs (Myanmar),beginning of time,end of time,The Irrawaddy
65325,Myanmar,The Myanmar Times,Group,Information / Communication / Transparency Ministry (Myanmar),beginning of time,end of time,The Myanmar Times
65326,Myanmar,Thein Aung,Individual,Elite (Myanmar),beginning of time,end of time,Thein Aung
65327,Myanmar,Thein Aung,Individual,Environment Ministry (Myanmar),25/08/2003,end of time,Thein Aung
65328,Myanmar,Thein Aung,Individual,Government (Myanmar),beginning of time,end of time,Thein Aung
65329,Myanmar,Thein Htaik,Individual,Army (Myanmar),beginning of time,end of time,Thein Htaik
65330,Myanmar,Thein Htaik,Individual,Industrial / Textiles / Mining Ministry (Myanmar),30/03/2011,07/09/2012,Thein Htaik
65331,Myanmar,Thein Htaik,Individual,Judicial (Myanmar),07/09/2012,end of time,Thein Htaik
65332,Myanmar,Thein Htaik,Individual,Pyithu Hluttaw,31/01/2011,30/03/2011,Thein Htaik
65333,Myanmar,Thein Htay,Individual,Army (Myanmar),beginning of time,end of time,Thein Htay
65334,Myanmar,Thein Htay,Individual,Industrial / Textiles / Mining Ministry (Myanmar),30/03/2011,05/09/2012,Thein Htay
65335,Myanmar,Thein Htay,Individual,Women / Children / Social / Welfare / Development / Religion Ministry (Myanmar),30/03/2011,end of time,Thein Htay
65336,Myanmar,Thein Htun,Individual,Protestors / Popular Opposition / Mobs (Myanmar),beginning of time,end of time,Thein Htun
65337,Myanmar,Thein Nyunt,Individual,Executive Office (Myanmar),30/03/2011,end of time,Thein Nyunt
65338,Myanmar,Thein Nyunt,Individual,Municipal (Myanmar),01/03/2006,30/03/2011,Thein Nyunt
65339,Myanmar,Thein Nyunt,Individual,Provincial (Myanmar),30/03/2011,end of time,Thein Nyunt
65340,Myanmar,Thein Nyunt,Individual,Women / Children / Social / Welfare / Development / Religion Ministry (Myanmar),15/11/1997,30/03/2011,Thein Nyunt
65341,Myanmar,Thein Sein,Individual,Elite (Myanmar),01/01/1997,end of time,Thein Sein
65342,Myanmar,Thein Sein,Individual,Executive Office (Myanmar),01/04/2007,30/03/2011,Thein Sein
65343,Myanmar,Thein Sein,Individual,Executive Office (Myanmar),30/03/2011,end of time,Thein Sein
65344,Myanmar,Thein Sein,Individual,Military (Myanmar),beginning of time,31/12/1996,Thein Sein
65345,Myanmar,Thein Soe,Individual,Justice / Law Ministry (Myanmar),beginning of time,end of time,Thein Soe
65346,Myanmar,Thein Swe,Individual,Government (Myanmar),beginning of time,end of time,Thein Swe
65347,Myanmar,Thein Tun,Individual,Army (Myanmar),beginning of time,30/01/2011,Thein Tun
65348,Myanmar,Thein Tun,Individual,Information / Communication / Transparency Ministry (Myanmar),30/03/2011,end of time,Thein Tun
65349,Myanmar,Thein Tun,Individual,Pyithu Hluttaw,31/01/2011,30/03/2011,Thein Tun
65350,Myanmar,Thein Zaw,Individual,Information / Communication / Transparency Ministry (Myanmar),beginning of time,end of time,Thein Zaw
65351,Myanmar,Thiha Thura Tin Aung Myint Oo,Individual,Defense / Security Ministry (Myanmar),beginning of time,end of time,Thiha Thura Tin Aung Myint Oo || Thiahathura Tin Aung Myint Oo || Tin Aung Myint Oo
65352,Myanmar,Thiha Thura Tin Aung Myint Oo,Individual,Executive Office (Myanmar),30/03/2011,14/08/2012,Thiha Thura Tin Aung Myint Oo || Thiahathura Tin Aung Myint Oo || Tin Aung Myint Oo
65353,Myanmar,Thoi Thoi Aung,Individual,Criminals / Gangs (Myanmar),beginning of time,end of time,Thoi Thoi Aung
65354,Myanmar,Thura Ayre Myint,Individual,Government (Myanmar),beginning of time,end of time,Thura Ayre Myint
65355,Myanmar,Thura Myint Maung,Individual,Army (Myanmar),beginning of time,31/12/2010,Thura Myint Maung || Myint Maung
65356,Myanmar,Thura Myint Maung,Individual,Government Religious (Myanmar),25/08/2003,end of time,Thura Myint Maung || Myint Maung
65357,Myanmar,Thura Myint Maung,Individual,Pyithu Hluttaw,31/01/2011,30/03/2011,Thura Myint Maung || Myint Maung
65358,Myanmar,Tin Aung Aye,Individual,Justice / Law Ministry (Myanmar),beginning of time,end of time,Tin Aung Aye || Tin Aye
65359,Myanmar,Tin Aung Aye,Individual,Pyithu Hluttaw,31/01/2011,16/02/2011,Tin Aung Aye || Tin Aye
65360,Myanmar,Tin Htut,Individual,Elite (Myanmar),beginning of time,end of time,Tin Htut
65361,Myanmar,Tin Htut,Individual,Government (Myanmar),beginning of time,end of time,Tin Htut
65362,Myanmar,Tin Naing Thein,Individual,Executive Office (Myanmar),27/08/2012,end of time,Tin Naing Thein
65363,Myanmar,Tin Naing Thein,Individual,Finance / Economy / Commerce / Trade Ministry (Myanmar),30/03/2011,27/08/2012,Tin Naing Thein
65364,Myanmar,Tin Naing Thein,Individual,Military (Myanmar),beginning of time,13/09/2003,Tin Naing Thein
65365,Myanmar,Tin Naing Thein,Individual,Pyithu Hluttaw,31/01/2011,30/03/2011,Tin Naing Thein
65366,Myanmar,Tin Oo,Individual,Protestors / Popular Opposition / Mobs (Myanmar),beginning of time,end of time,Tin Oo
65367,Myanmar,Tun Aung,Individual,Justice / Law Ministry (Myanmar),beginning of time,end of time,Tun Aung
65368,Myanmar,Tun Aung Chein,Individual,General Population / Civilian / Social (Myanmar),beginning of time,end of time,Tun Aung Chein
65369,Myanmar,Tun Kyi,Individual,Elite (Myanmar),17/11/1997,end of time,Tun Kyi
65370,Myanmar,Tun Kyi,Individual,Finance / Economy / Commerce / Trade Ministry (Myanmar),24/09/1992,16/11/1997,Tun Kyi
65371,Myanmar,Tun Kyi,Individual,Military (Myanmar),beginning of time,23/09/1992,Tun Kyi
65372,Myanmar,Tun Myint Aung,Individual,Education (Myanmar),beginning of time,end of time,Tun Myint Aung
65373,Myanmar,Tun Myint Aung,Individual,Protestors / Popular Opposition / Mobs (Myanmar),beginning of time,end of time,Tun Myint Aung
65374,Myanmar,Tun Shin,Individual,Justice / Law Ministry (Myanmar),beginning of time,end of time,Tun Shin
65375,Myanmar,Tun Tin,Individual,Elite (Myanmar),beginning of time,end of time,Tun Tin
65376,Myanmar,Tun Tin,Individual,Government (Myanmar),26/07/1988,18/09/1988,Tun Tin
65377,Myanmar,U Aye Tha Aung,Individual,Protestors / Popular Opposition / Mobs (Myanmar),beginning of time,end of time,U Aye Tha Aung
65378,Myanmar,U Ba Soe,Individual,Business (Myanmar),beginning of time,end of time,U Ba Soe
65379,Myanmar,U Kyin Lay,Individual,Elite (Myanmar),beginning of time,end of time,U Kyin Lay
65380,Myanmar,U Kyin Lay,Individual,Government (Myanmar),beginning of time,end of time,U Kyin Lay
65381,Myanmar,U Mahtu Naw,Individual,Kachin Independence Army,beginning of time,01/02/1994,U Mahtu Naw
65382,Myanmar,U Mahtu Naw,Individual,Separatists (Myanmar),beginning of time,01/02/1994,U Mahtu Naw
65383,Myanmar,U Mahtu Naw,Individual,Unidentified Forces (Myanmar),beginning of time,end of time,U Mahtu Naw
65384,Myanmar,U Myat Thu,Individual,General Population / Civilian / Social (Myanmar),beginning of time,end of time,U Myat Thu
65385,Myanmar,U Myint Swe,Individual,Executive Office (Myanmar),30/03/2016,end of time,U Myint Swe || Myint Swe
65386,Myanmar,U Myint Swe,Individual,Executive Office (Myanmar),21/03/2018,30/03/2018,U Myint Swe || Myint Swe
65387,Myanmar,U Myint Swe,Individual,Media (Myanmar),beginning of time,end of time,U Myint Swe || Myint Swe
65388,Myanmar,U Nyan Win,Individual,Army (Myanmar),beginning of time,end of time,U Nyan Win || Nyan Win
65389,Myanmar,U Nyan Win,Individual,Foreign Ministry (Myanmar),19/09/2004,30/03/2011,U Nyan Win || Nyan Win
65390,Myanmar,U Nyan Win,Individual,Local (Myanmar),30/03/2011,end of time,U Nyan Win || Nyan Win
65391,Myanmar,U Soe Myint,Individual,Finance / Economy / Commerce / Trade Ministry (Myanmar),beginning of time,end of time,U Soe Myint
65392,Myanmar,U Tha Ban,Individual,Education (Myanmar),beginning of time,end of time,U Tha Ban
65393,Myanmar,U Tha Ban,Individual,Protestors / Popular Opposition / Mobs (Myanmar),beginning of time,end of time,U Tha Ban
65394,Myanmar,U Thand Myint,Individual,Elite (Myanmar),beginning of time,end of time,U Thand Myint
65395,Myanmar,U Thand Myint,Individual,Government (Myanmar),beginning of time,end of time,U Thand Myint
65396,Myanmar,U Thaung,Individual,Pyithu Hluttaw,31/01/2011,end of time,U Thaung
65397,Myanmar,U Thaung,Individual,Science / Tech / Knowledge / Innovation Ministry (Myanmar),01/10/1998,30/03/2011,U Thaung
65398,Myanmar,U Thein Oo,Individual,Protestors / Popular Opposition / Mobs (Myanmar),beginning of time,end of time,U Thein Oo
65399,Myanmar,Union Pa-O National Organization,Group,Protestors / Popular Opposition / Mobs (Myanmar),beginning of time,end of time,Union Pa-O National Organization
65400,Myanmar,United Karen League,Group,Protestors / Popular Opposition / Mobs (Myanmar),beginning of time,end of time,United Karen League
65401,Myanmar,United Wa State Army,Group,Separatists (Myanmar),beginning of time,01/01/1989,Wa State Army || UWSA || Wa Army || United Wa State Army
65402,Myanmar,United Wa State Army,Group,Unidentified Forces (Myanmar),beginning of time,end of time,Wa State Army || UWSA || Wa Army || United Wa State Army
65403,Myanmar,Ut Khun Myat,Individual,Justice / Law Ministry (Myanmar),beginning of time,end of time,Ut Khun Myat
65404,Myanmar,VBSW,Group,Education (Myanmar),beginning of time,end of time,Vigorous Burmese Student Warriors || VBSW
65405,Myanmar,VBSW,Group,Insurgents (Myanmar),beginning of time,end of time,Vigorous Burmese Student Warriors || VBSW
65406,Myanmar,Wa National Development Party,Group,Protestors / Popular Opposition / Mobs (Myanmar),beginning of time,end of time,Wa National Development Party
65407,Myanmar,Wei Hsaitang,Individual,Separatists (Myanmar),beginning of time,end of time,Wei Hsaitang
65408,Myanmar,Wei Hsueng Kang,Individual,Separatists (Myanmar),beginning of time,01/01/1989,Wei Hsueng Kang
65409,Myanmar,Wei Hsueng Kang,Individual,Unidentified Forces (Myanmar),beginning of time,end of time,Wei Hsueng Kang
65410,Myanmar,Wei Hsueng Kang,Individual,United Wa State Army,beginning of time,end of time,Wei Hsueng Kang
65411,Myanmar,Win Aung,Individual,Elite (Myanmar),beginning of time,end of time,Win Aung || U Win Aung
65412,Myanmar,Win Aung,Individual,Government (Myanmar),beginning of time,18/09/2004,Win Aung || U Win Aung
65413,Myanmar,Win Ko,Individual,Government (Myanmar),beginning of time,end of time,Win Ko
65414,Myanmar,Win Ko,Individual,Legislative / Parliamentary (Myanmar),beginning of time,end of time,Win Ko
65415,Myanmar,Wunna Maung Lwin,Individual,Army (Myanmar),beginning of time,31/12/1999,Wunna Maung Lwin || H.E. U Wunna Maung Lwin || Wunna Lwin
65416,Myanmar,Wunna Maung Lwin,Individual,Foreign Ministry (Myanmar),01/01/2000,29/03/2011,Wunna Maung Lwin || H.E. U Wunna Maung Lwin || Wunna Lwin
65417,Myanmar,Wunna Maung Lwin,Individual,Foreign Ministry (Myanmar),30/03/2011,29/03/2016,Wunna Maung Lwin || H.E. U Wunna Maung Lwin || Wunna Lwin
65418,Myanmar,Wunna Maung Lwin,Individual,United Nations,01/01/2007,30/03/2011,Wunna Maung Lwin || H.E. U Wunna Maung Lwin || Wunna Lwin
65419,Myanmar,Wunnakyawhtin Win Myint,Individual,Business (Myanmar),beginning of time,end of time,Win Myint || Wunnakyawhtin Myint || Wunnakyawhtin Win Myint
65420,Myanmar,Wunnakyawhtin Win Myint,Individual,Elite (Myanmar),beginning of time,end of time,Win Myint || Wunnakyawhtin Myint || Wunnakyawhtin Win Myint
65421,Myanmar,Wunnakyawhtin Win Myint,Individual,Executive Office (Myanmar),30/03/2018,end of time,Win Myint || Wunnakyawhtin Myint || Wunnakyawhtin Win Myint
65422,Myanmar,Wunnakyawhtin Win Myint,Individual,Finance / Economy / Commerce / Trade Ministry (Myanmar),30/03/2011,end of time,Win Myint || Wunnakyawhtin Myint || Wunnakyawhtin Win Myint
65423,Myanmar,Wunnakyawhtin Win Myint,Individual,Pyithu Hluttaw,30/01/2011,30/03/2011,Win Myint || Wunnakyawhtin Myint || Wunnakyawhtin Win Myint
65424,Myanmar,Wynn Lwin,Individual,Elite (Myanmar),beginning of time,end of time,Wynn Lwin
65425,Myanmar,Wynn Lwin,Individual,Government (Myanmar),beginning of time,end of time,Wynn Lwin
65426,Myanmar,Yawd Serk,Individual,Separatists (Myanmar),beginning of time,end of time,Yawd Serk
65427,Myanmar,Ye Htut,Individual,Government (Myanmar),beginning of time,end of time,Ye Htut
65428,Myanmar,Ye Htut,Individual,Information / Communication / Transparency Ministry (Myanmar),beginning of time,end of time,Ye Htut
65429,Myanmar,Ye Htut,Individual,Media (Myanmar),beginning of time,end of time,Ye Htut
65430,Myanmar,Yeh Ti Ha,Individual,Insurgents (Myanmar),beginning of time,end of time,Yeh Ti Ha
65431,Myanmar,Yeh Ti Ha,Individual,Kayinni Progressive Army,beginning of time,end of time,Yeh Ti Ha
65432,Myanmar,Ywet Sit,Individual,Elite (Myanmar),beginning of time,end of time,Ywet Sit
65433,Myanmar,Ywet Sit,Individual,Separatists (Myanmar),beginning of time,31/12/2006,Ywet Sit
65434,Myanmar,Ywet Sit,Individual,Shan Rebel,beginning of time,end of time,Ywet Sit
65435,Myanmar,Zau Mai,Individual,Kachin Independence Organization,beginning of time,01/02/1994,Zau Mai
65436,Myanmar,Zau Mai,Individual,Separatists (Myanmar),beginning of time,01/02/1994,Zau Mai
65437,Myanmar,Zau Mai,Individual,Unidentified Forces (Myanmar),beginning of time,end of time,Zau Mai
65438,Myanmar,Zaw Min,Individual,Army (Myanmar),beginning of time,28/08/2012,Zaw Min
65439,Myanmar,Zaw Min,Individual,Elite (Myanmar),beginning of time,end of time,Zaw Min
65440,Myanmar,Zaw Min,Individual,Energy Ministry (Myanmar),30/03/2011,28/08/2012,Zaw Min
65441,Myanmar,Zaw Min,Individual,Pyithu Hluttaw,31/01/2011,30/03/2011,Zaw Min
65442,Myanmar,Zoni National Congress,Group,Protestors / Popular Opposition / Mobs (Myanmar),beginning of time,end of time,Zoni National Congress
