,0,1,2,3,4,5,6,7,8,9,10,11,12,13,14,15,16,17,18,19,20
Chin National Front (CNF), CNF - Govt Agreements, Chin National ( CNF, CNF, Chin National Chin State ,Chin National / Chin National Army, Chin, Chin National Day, Chin National Peace Team, CNA, Chin National ’s, CNF Government, Chin National / Army, Chin National Union, Chin National Chin State / Union Government, Chin National Peace Negotiating Team, Chin State Government, Government Chin State, Chin Special Division, Chin State Union Government, Chin National Peace Team, Chin National Chin State / Union Government
Joint Monitoring Committee (JMC), Joint Monitoring Committee, JMC, Joint Monitoring Committee Guideline,,,,,,,,,,,,,,,,,,
Joint Ceasefire Monitoring Committee (JCMC), Joint Ceasefire Monitoring Committee, Ceasefire Joint Monitoring Committee, Union Level Joint Ceasefire Monitoring Committee, Local Level Joint Ceasefire Monitoring Committee, Nationwide Ceasefire Agreement Joint Implementation Coordination Meeting,,,,,,,,,,,,,,,,
Union Level Joint Ceasefire Monitoring Committee (JMC-U), JMC - U, JMC - U.  Meetings Resolutions, Union Peace Dialogue Joint Committee,,,,,,,,,,,,,,,,,,
State Level Joint Ceasefire Monitoring Committee (JMC-S), JMC - S, JMC - S., JMC - S. ,,,,,,,,,,,,,,,,,,
Local Level Joint Ceasefire Monitoring Committee (JMC-L), JMC - L, JMC - L.  Responsibilities JMC - L,,,,,,,,,,,,,,,,,,,
Karen National Union (KNU)/Karen National Liberation Army (KNLA),Karen National Union, KNLA  Permanent Central Committee, KNU, KNU / KNLA, KNU Press Release, KNU Delegation, Democratic Karen Benevolent Army, Karen National Union Foreign & Public Relations Department, KNU / KNLA Peace Council 9, KNLA Peace Council, KNU / KNLA Peace Council, Democratic Karen Benevolent Army,,,,,,,,,
Karenni National Progressive Party (KNPP), Karenni National Progressive Party, KNPP, KNPP Khu Oo Reh,,,,,,,,,,,,,,,,,,
Union Peace Dialogue Joint Committee (UPDJC), UPDJC, Union Peace Working Committee, Union Peace - Making Work Committee, Union Peace Dialogue Joint Committee, Union Peace, Union Peace Team Crisis Mediating Body,,,,,,,,,,,,,,,
Government of the Republic of the Union of Myanmar, Union Government, Government Republic Union Myanmar, Government ’s Order, Government Group, Myanmar Government, Government Burma, Burmese Government,,,,,,,,,,,,,,
Hluttaw, Hluttaw, Hluttaws, Hluttaw Group  3, Pyidaungsu Hluttaw,,,,,,,,,,,,,,,,,
Tatmadaw, Tatmadaw, Pyidaungsu Tatmadaw, Tatmadaw Group  4,,,,,,,,,,,,,,,,,,
Shan State Progress Party (SSPP)/Shan State Army (SSA), SSA - S Government Ceasefire Agreement, SSA - S Government 11, SSA, SSA - S, Restoration Council Shan State / Shan State Army, SSPP / SSA - N Government  Preliminary Peace, Shan State Progressive Party, SSPP)/ Shan State Army, Shan State, SSA - S Government, Shan State Minster Security, SSPP)/ Shan State Army, Shan State, SSPP / Shan State Army Sao Khun Hsai, SSPP / Shan State Army, Shan State Progressive, Party/ Shan State Army, Shan State Police Force, Mongla Armed Group ( Special Region 4 - Northern Shan State, Shan State Progressive Party / Shan State Army,
Arakan Army, Arakan Liberation Party Arakan National Council, General Arakan Army Chin National,,,,,,,,,,,,,,,,,,,
Rakhine State Liberation Party (RSLP), Rakhine State Liberation Party,,,,,,,,,,,,,,,,,,,,
Ethnic Armed Organizations (EAO), Ethnic Armed Organizations, Ethnic Armed  Organizations, Ethnic Armed Organization, Ethnic Armed Organization Group  5, Ethnic Armed Organization Group  U Zein Khan Ram  Ethnic Representative Political Parties Group, ee ) EAOs ,,,,,,,,,,,,,,,
Food and Drug Administration (FDA), FDA,,,,,,,,,,,,,,,,,,,,
National League Democracy (NLD), NLD,,,,,,,,,,,,,,,,,,,,
United Nationalities Alliance (UNA), UNA,,,,,,,,,,,,,,,,,,,,
Lahu Democratic Union, Lahu Democratic Union Myanmar National Democratic Alliance Army,,,,,,,,,,,,,,,,,,,,
United Nations, U.N.,,,,,,,,,,,,,,,,,,,,
Pa-O National Liberation Organisation (PNLO), PNLO,,,,,,,,,,,,,,,,,,,,
Democratic Karen Benevolent/Buddhist Army (DKBA), Democratic Karen Benevolent Army,,,,,,,,,,,,,,,,,,,,
United Nations Office on Drugs and Crime (UNODC), UNODC,,,,,,,,,,,,,,,,,,,,
Union Peacemaking Working Committee (UPWC), UPWC,,,,,,,,,,,,,,,,,,,,
New Mon State Party (NMSP), NMSP,,,,,,,,,,,,,,,,,,,,
Union Election Commission (UEC), UEC,,,,,,,,,,,,,,,,,,,,
Kachin Independence Organisation (KIO), KIO, Kachin Independence Organization,,,,,,,,,,,,,,,,,,,
United Nationalities Federal Council (UNFC), UNFC,,,,,,,,,,,,,,,,,,,,
National Socialist Council of Nagaland (NSCN), Naga, NSCN,,,,,,,,,,,,,,,,,,,
