,doc_id,agreement_id,sentence_number,entity_type,entity_named,entity_affiliated_org,entity_affiliated_org_abr,NER
0,0.0,1321,0.0,ORG,Chin National Front (CNF),Chin National Front (CNF),CNF,SpaCy
2,0.0,1321,0.0,ORG,Chin National Front (CNF),Chin National Front (CNF),CNF,SpaCy
5,0.0,1321,1.0,ORG,Chin National Front (CNF),Chin National Front (CNF),CNF,SpaCy
9,0.0,1321,1.0,ORG,Chin National Front (CNF),Chin National Front (CNF),CNF,SpaCy
10,0.0,1321,1.0,ORG,Union Peace Dialogue Joint Committee (UPDJC),Union Peace Dialogue Joint Committee (UPDJC),UPDJC,SpaCy
13,0.0,1321,1.0,ORG,Chin National Front (CNF),Chin National Front (CNF),CNF,SpaCy
14,0.0,1321,1.0,ORG,Chin National Front (CNF),Chin National Front (CNF),CNF,SpaCy
17,0.0,1321,1.0,ORG,Chin National Front (CNF),Chin National Front (CNF),CNF,SpaCy
18,0.0,1321,1.0,ORG,Chin National Front (CNF),Chin National Front (CNF),CNF,SpaCy
21,0.0,1321,2.0,ORG,Chin National Front (CNF),Chin National Front (CNF),CNF,SpaCy
25,0.0,1321,3.0,ORG,Chin National Front (CNF),Chin National Front (CNF),CNF,SpaCy
26,0.0,1321,3.0,ORG,Union Peace Dialogue Joint Committee (UPDJC),Union Peace Dialogue Joint Committee (UPDJC),UPDJC,SpaCy
36,0.0,1321,6.0,ORG,Chin National Front (CNF),Chin National Front (CNF),CNF,SpaCy
37,0.0,1321,7.0,ORG,Chin National Front (CNF),Chin National Front (CNF),CNF,SpaCy
38,0.0,1321,7.0,ORG,Chin National Front (CNF),Chin National Front (CNF),CNF,SpaCy
41,0.0,1321,8.0,ORG,Chin National Front (CNF),Chin National Front (CNF),CNF,SpaCy
43,0.0,1321,8.0,ORG,Chin National Front (CNF),Chin National Front (CNF),CNF,SpaCy
44,0.0,1321,8.0,ORG,Government of the Republic of the Union of Myanmar,Government of the Republic of the Union of Myanmar,Gov. of Myanmar,SpaCy
45,0.0,1321,10.0,ORG,Chin National Front (CNF),Chin National Front (CNF),CNF,SpaCy
46,0.0,1321,10.0,ORG,Chin National Front (CNF),Chin National Front (CNF),CNF,SpaCy
47,0.0,1321,10.0,ORG,Chin National Front (CNF),Chin National Front (CNF),CNF,SpaCy
49,0.0,1321,11.0,ORG,Chin National Front (CNF),Chin National Front (CNF),CNF,SpaCy
50,0.0,1321,11.0,ORG,Chin National Front (CNF),Chin National Front (CNF),CNF,SpaCy
56,0.0,1321,19.0,ORG,Union Peace Dialogue Joint Committee (UPDJC),Union Peace Dialogue Joint Committee (UPDJC),UPDJC,SpaCy
57,0.0,1321,19.0,ORG,Chin National Front (CNF),Chin National Front (CNF),CNF,SpaCy
65,0.0,1321,21.0,ORG,Chin National Front (CNF),Chin National Front (CNF),CNF,SpaCy
66,0.0,1321,23.0,ORG,Chin National Front (CNF),Chin National Front (CNF),CNF,SpaCy
69,0.0,1321,25.0,ORG,Chin National Front (CNF),Chin National Front (CNF),CNF,SpaCy
70,0.0,1321,27.0,ORG,Chin National Front (CNF),Chin National Front (CNF),CNF,SpaCy
71,0.0,1321,27.0,ORG,Chin National Front (CNF),Chin National Front (CNF),CNF,SpaCy
72,0.0,1321,27.0,ORG,Chin National Front (CNF),Chin National Front (CNF),CNF,SpaCy
74,0.0,1321,27.0,ORG,Government of the Republic of the Union of Myanmar,Government of the Republic of the Union of Myanmar,Gov. of Myanmar,SpaCy
75,0.0,1321,29.0,ORG,Government of the Republic of the Union of Myanmar,Government of the Republic of the Union of Myanmar,Gov. of Myanmar,SpaCy
76,0.0,1321,29.0,ORG,Chin National Front (CNF),Chin National Front (CNF),CNF,SpaCy
77,0.0,1321,30.0,ORG,Chin National Front (CNF),Chin National Front (CNF),CNF,SpaCy
79,0.0,1321,32.0,ORG,Chin National Front (CNF),Chin National Front (CNF),CNF,SpaCy
80,0.0,1321,32.0,ORG,Chin National Front (CNF),Chin National Front (CNF),CNF,SpaCy
81,0.0,1321,32.0,ORG,Chin National Front (CNF),Chin National Front (CNF),CNF,SpaCy
82,0.0,1321,32.0,ORG,Government of the Republic of the Union of Myanmar,Government of the Republic of the Union of Myanmar,Gov. of Myanmar,SpaCy
83,0.0,1321,32.0,ORG,Chin National Front (CNF),Chin National Front (CNF),CNF,SpaCy
84,0.0,1321,35.0,ORG,Chin National Front (CNF),Chin National Front (CNF),CNF,SpaCy
85,0.0,1321,35.0,ORG,Government of the Republic of the Union of Myanmar,Government of the Republic of the Union of Myanmar,Gov. of Myanmar,SpaCy
86,0.0,1321,35.0,ORG,Chin National Front (CNF),Chin National Front (CNF),CNF,SpaCy
88,0.0,1321,35.0,ORG,Chin National Front (CNF),Chin National Front (CNF),CNF,SpaCy
90,0.0,1321,35.0,ORG,Chin National Front (CNF),Chin National Front (CNF),CNF,SpaCy
91,0.0,1321,37.0,ORG,Chin National Front (CNF),Chin National Front (CNF),CNF,SpaCy
93,0.0,1321,39.0,ORG,Chin National Front (CNF),Chin National Front (CNF),CNF,SpaCy
95,0.0,1321,41.0,ORG,Chin National Front (CNF),Chin National Front (CNF),CNF,SpaCy
99,0.0,1321,45.0,ORG,Chin National Front (CNF),Chin National Front (CNF),CNF,SpaCy
100,0.0,1321,45.0,ORG,Chin National Front (CNF),Chin National Front (CNF),CNF,SpaCy
102,0.0,1321,50.0,ORG,Government of the Republic of the Union of Myanmar,Government of the Republic of the Union of Myanmar,Gov. of Myanmar,SpaCy
104,0.0,1321,52.0,ORG,Chin National Front (CNF),Chin National Front (CNF),CNF,SpaCy
106,0.0,1321,54.0,ORG,Government of the Republic of the Union of Myanmar,Government of the Republic of the Union of Myanmar,Gov. of Myanmar,SpaCy
107,0.0,1321,54.0,ORG,Chin National Front (CNF),Chin National Front (CNF),CNF,SpaCy
108,0.0,1321,54.0,ORG,Chin National Front (CNF),Chin National Front (CNF),CNF,SpaCy
109,0.0,1321,62.0,ORG,Chin National Front (CNF),Chin National Front (CNF),CNF,SpaCy
111,0.0,1321,64.0,ORG,Chin National Front (CNF),Chin National Front (CNF),CNF,SpaCy
113,0.0,1321,64.0,ORG,Government of the Republic of the Union of Myanmar,Government of the Republic of the Union of Myanmar,Gov. of Myanmar,SpaCy
114,0.0,1321,64.0,ORG,Chin National Front (CNF),Chin National Front (CNF),CNF,SpaCy
115,0.0,1321,64.0,ORG,Chin National Front (CNF),Chin National Front (CNF),CNF,SpaCy
123,1.0,1436,0.0,ORG,Ethnic Armed Organizations (EAO),Ethnic Armed Organizations (EAO),EAO,SpaCy
124,1.0,1436,0.0,ORG,Government of the Republic of the Union of Myanmar,Government of the Republic of the Union of Myanmar,Gov. of Myanmar,SpaCy
125,1.0,1436,0.0,ORG,Ethnic Armed Organizations (EAO),Ethnic Armed Organizations (EAO),EAO,SpaCy
131,1.0,1436,6.0,ORG,Tatmadaw,Tatmadaw,Tatmadaw,SpaCy
136,1.0,1436,17.0,ORG,Ethnic Armed Organizations (EAO),Ethnic Armed Organizations (EAO),EAO,SpaCy
139,1.0,1436,22.0,ORG,Ethnic Armed Organizations (EAO),Ethnic Armed Organizations (EAO),EAO,SpaCy
140,1.0,1436,23.0,ORG,Ethnic Armed Organizations (EAO),Ethnic Armed Organizations (EAO),EAO,SpaCy
142,1.0,1436,23.0,ORG,Ethnic Armed Organizations (EAO),Ethnic Armed Organizations (EAO),EAO,SpaCy
143,1.0,1436,25.0,ORG,Tatmadaw,Tatmadaw,Tatmadaw,SpaCy
145,1.0,1436,27.0,ORG,Joint Ceasefire Monitoring Committee (JCMC),Joint Ceasefire Monitoring Committee (JCMC),JCMC,SpaCy
146,1.0,1436,29.0,ORG,Tatmadaw,Tatmadaw,Tatmadaw,SpaCy
148,1.0,1436,35.0,ORG,Government of the Republic of the Union of Myanmar,Government of the Republic of the Union of Myanmar,Gov. of Myanmar,SpaCy
149,1.0,1436,43.0,ORG,Ethnic Armed Organizations (EAO),Ethnic Armed Organizations (EAO),EAO,SpaCy
150,1.0,1436,45.0,ORG,Tatmadaw,Tatmadaw,Tatmadaw,SpaCy
151,1.0,1436,45.0,ORG,Ethnic Armed Organizations (EAO),Ethnic Armed Organizations (EAO),EAO,SpaCy
152,1.0,1436,48.0,ORG,Ethnic Armed Organizations (EAO),Ethnic Armed Organizations (EAO),EAO,SpaCy
153,1.0,1436,52.0,ORG,Tatmadaw,Tatmadaw,Tatmadaw,SpaCy
154,1.0,1436,55.0,ORG,Tatmadaw,Tatmadaw,Tatmadaw,SpaCy
159,1.0,1436,77.0,ORG,Ethnic Armed Organizations (EAO),Ethnic Armed Organizations (EAO),EAO,SpaCy
160,1.0,1436,77.0,ORG,Ethnic Armed Organizations (EAO),Ethnic Armed Organizations (EAO),EAO,SpaCy
162,1.0,1436,77.0,ORG,Government of the Republic of the Union of Myanmar,Government of the Republic of the Union of Myanmar,Gov. of Myanmar,SpaCy
163,1.0,1436,82.0,ORG,Joint Ceasefire Monitoring Committee (JCMC),Joint Ceasefire Monitoring Committee (JCMC),JCMC,SpaCy
164,1.0,1436,83.0,ORG,Joint Ceasefire Monitoring Committee (JCMC),Joint Ceasefire Monitoring Committee (JCMC),JCMC,SpaCy
165,1.0,1436,83.0,ORG,Joint Ceasefire Monitoring Committee (JCMC),Joint Ceasefire Monitoring Committee (JCMC),JCMC,SpaCy
166,1.0,1436,83.0,ORG,Joint Ceasefire Monitoring Committee (JCMC),Joint Ceasefire Monitoring Committee (JCMC),JCMC,SpaCy
167,1.0,1436,83.0,ORG,Union Peace Dialogue Joint Committee (UPDJC),Union Peace Dialogue Joint Committee (UPDJC),UPDJC,SpaCy
168,1.0,1436,83.0,ORG,Ethnic Armed Organizations (EAO),Ethnic Armed Organizations (EAO),EAO,SpaCy
169,1.0,1436,84.0,ORG,Joint Ceasefire Monitoring Committee (JCMC),Joint Ceasefire Monitoring Committee (JCMC),JCMC,SpaCy
170,1.0,1436,85.0,ORG,Joint Ceasefire Monitoring Committee (JCMC),Joint Ceasefire Monitoring Committee (JCMC),JCMC,SpaCy
171,1.0,1436,87.0,ORG,Joint Ceasefire Monitoring Committee (JCMC),Joint Ceasefire Monitoring Committee (JCMC),JCMC,SpaCy
172,1.0,1436,88.0,ORG,Joint Ceasefire Monitoring Committee (JCMC),Joint Ceasefire Monitoring Committee (JCMC),JCMC,SpaCy
175,1.0,1436,93.0,ORG,Joint Ceasefire Monitoring Committee (JCMC),Joint Ceasefire Monitoring Committee (JCMC),JCMC,SpaCy
176,1.0,1436,95.0,ORG,Joint Ceasefire Monitoring Committee (JCMC),Joint Ceasefire Monitoring Committee (JCMC),JCMC,SpaCy
179,1.0,1436,97.0,ORG,Ethnic Armed Organizations (EAO),Ethnic Armed Organizations (EAO),EAO,SpaCy
180,1.0,1436,101.0,ORG,Ethnic Armed Organizations (EAO),Ethnic Armed Organizations (EAO),EAO,SpaCy
183,1.0,1436,105.0,ORG,Ethnic Armed Organizations (EAO),Ethnic Armed Organizations (EAO),EAO,SpaCy
187,1.0,1436,106.0,ORG,Government of the Republic of the Union of Myanmar,Government of the Republic of the Union of Myanmar,Gov. of Myanmar,SpaCy
188,1.0,1436,106.0,ORG,Ethnic Armed Organizations (EAO),Ethnic Armed Organizations (EAO),EAO,SpaCy
190,1.0,1436,110.0,ORG,Hluttaw,Hluttaw,Hluttaw,SpaCy
192,1.0,1436,113.0,ORG,Ethnic Armed Organizations (EAO),Ethnic Armed Organizations (EAO),EAO,SpaCy
193,1.0,1436,114.0,ORG,Joint Monitoring Committee (JMC),Joint Monitoring Committee (JMC),JMC,SpaCy
194,1.0,1436,114.0,ORG,Union Level Joint Ceasefire Monitoring Committee (JMC-U),Union Level Joint Ceasefire Monitoring Committee (JMC-U),JMC-U,SpaCy
196,1.0,1436,120.0,ORG,Hluttaw,Hluttaw,Hluttaw,SpaCy
197,1.0,1436,120.0,ORG,Tatmadaw,Tatmadaw,Tatmadaw,SpaCy
198,1.0,1436,120.0,ORG,Ethnic Armed Organizations (EAO),Ethnic Armed Organizations (EAO),EAO,SpaCy
203,1.0,1436,130.0,ORG,Ethnic Armed Organizations (EAO),Ethnic Armed Organizations (EAO),EAO,SpaCy
204,1.0,1436,132.0,ORG,Ethnic Armed Organizations (EAO),Ethnic Armed Organizations (EAO),EAO,SpaCy
206,1.0,1436,140.0,ORG,Ethnic Armed Organizations (EAO),Ethnic Armed Organizations (EAO),EAO,SpaCy
207,1.0,1436,141.0,ORG,Ethnic Armed Organizations (EAO),Ethnic Armed Organizations (EAO),EAO,SpaCy
208,1.0,1436,141.0,ORG,Ethnic Armed Organizations (EAO),Ethnic Armed Organizations (EAO),EAO,SpaCy
209,1.0,1436,142.0,ORG,Hluttaw,Hluttaw,Hluttaw,SpaCy
210,1.0,1436,143.0,ORG,Hluttaw,Hluttaw,Hluttaw,SpaCy
215,1.0,1436,156.0,ORG,Joint Ceasefire Monitoring Committee (JCMC),Joint Ceasefire Monitoring Committee (JCMC),JCMC,SpaCy
218,1.0,1436,161.0,ORG,Ethnic Armed Organizations (EAO),Ethnic Armed Organizations (EAO),EAO,SpaCy
220,1.0,1436,162.0,ORG,Hluttaw,Hluttaw,Hluttaw,SpaCy
221,1.0,1436,162.0,ORG,Tatmadaw,Tatmadaw,Tatmadaw,SpaCy
222,1.0,1436,168.0,ORG,Joint Monitoring Committee (JMC),Joint Monitoring Committee (JMC),JMC,SpaCy
226,1.0,1436,169.0,ORG,Union Peacemaking Working Committee (UPWC),Union Peacemaking Working Committee (UPWC),UPWC,SpaCy
228,2.0,1518,0.0,ORG,Food and Drug Administration (FDA),Food and Drug Administration (FDA),FDA,SpaCy
229,2.0,1518,0.0,ORG,Nationalities Brotherhood Federation (NBF),Nationalities Brotherhood Federation (NBF),NBF,SpaCy
230,2.0,1518,0.0,ORG,National League Democracy (NLD),National League Democracy (NLD),NLD,SpaCy
232,2.0,1518,0.0,ORG,United Nationalities Alliance (UNA),United Nationalities Alliance (UNA),UNA,SpaCy
233,2.0,1518,0.0,ORG,Union Election Commission (UEC),Union Election Commission (UEC),UEC,SpaCy
253,2.0,1518,47.0,ORG,Union Election Commission (UEC),Union Election Commission (UEC),UEC,SpaCy
260,2.0,1518,84.0,ORG,Union Election Commission (UEC),Union Election Commission (UEC),UEC,SpaCy
273,2.0,1518,138.0,ORG,Union Election Commission (UEC),Union Election Commission (UEC),UEC,SpaCy
283,3.0,1519,0.0,ORG,Union Level Joint Ceasefire Monitoring Committee (JMC-U),Union Level Joint Ceasefire Monitoring Committee (JMC-U),JMC-U,SpaCy
284,3.0,1519,0.0,ORG,Union Peace Dialogue Joint Committee (UPDJC),Union Peace Dialogue Joint Committee (UPDJC),UPDJC,SpaCy
286,3.0,1519,0.0,ORG,Tatmadaw,Tatmadaw,Tatmadaw,SpaCy
290,3.0,1519,0.0,ORG,Ethnic Armed Organizations (EAO),Ethnic Armed Organizations (EAO),EAO,SpaCy
291,3.0,1519,0.0,ORG,Hluttaw,Hluttaw,Hluttaw,SpaCy
302,3.0,1519,18.0,ORG,Tatmadaw,Tatmadaw,Tatmadaw,SpaCy
309,3.0,1519,31.0,ORG,Hluttaw,Hluttaw,Hluttaw,SpaCy
310,3.0,1519,33.0,ORG,Union Level Joint Ceasefire Monitoring Committee (JMC-U),Union Level Joint Ceasefire Monitoring Committee (JMC-U),JMC-U,SpaCy
311,3.0,1519,33.0,ORG,Union Peace Dialogue Joint Committee (UPDJC),Union Peace Dialogue Joint Committee (UPDJC),UPDJC,SpaCy
314,3.0,1519,35.0,ORG,Union Peace Dialogue Joint Committee (UPDJC),Union Peace Dialogue Joint Committee (UPDJC),UPDJC,SpaCy
315,3.0,1519,37.0,ORG,Tatmadaw,Tatmadaw,Tatmadaw,SpaCy
321,3.0,1519,45.0,ORG,Tatmadaw,Tatmadaw,Tatmadaw,SpaCy
325,3.0,1519,56.0,ORG,Union Peace Dialogue Joint Committee (UPDJC),Union Peace Dialogue Joint Committee (UPDJC),UPDJC,SpaCy
327,3.0,1519,58.0,ORG,Union Peace Dialogue Joint Committee (UPDJC),Union Peace Dialogue Joint Committee (UPDJC),UPDJC,SpaCy
329,3.0,1519,58.0,ORG,Union Peace Dialogue Joint Committee (UPDJC),Union Peace Dialogue Joint Committee (UPDJC),UPDJC,SpaCy
331,3.0,1519,64.0,ORG,Union Peace Dialogue Joint Committee (UPDJC),Union Peace Dialogue Joint Committee (UPDJC),UPDJC,SpaCy
334,3.0,1519,75.0,ORG,Union Peace Dialogue Joint Committee (UPDJC),Union Peace Dialogue Joint Committee (UPDJC),UPDJC,SpaCy
345,3.0,1519,99.0,ORG,Union Peace Dialogue Joint Committee (UPDJC),Union Peace Dialogue Joint Committee (UPDJC),UPDJC,SpaCy
346,3.0,1519,99.0,ORG,Union Peace Dialogue Joint Committee (UPDJC),Union Peace Dialogue Joint Committee (UPDJC),UPDJC,SpaCy
349,3.0,1519,101.0,ORG,Union Peace Dialogue Joint Committee (UPDJC),Union Peace Dialogue Joint Committee (UPDJC),UPDJC,SpaCy
350,3.0,1519,101.0,ORG,Tatmadaw,Tatmadaw,Tatmadaw,SpaCy
353,3.0,1519,104.0,ORG,Union Peace Dialogue Joint Committee (UPDJC),Union Peace Dialogue Joint Committee (UPDJC),UPDJC,SpaCy
354,3.0,1519,106.0,ORG,Union Peace Dialogue Joint Committee (UPDJC),Union Peace Dialogue Joint Committee (UPDJC),UPDJC,SpaCy
356,3.0,1519,108.0,ORG,Union Peace Dialogue Joint Committee (UPDJC),Union Peace Dialogue Joint Committee (UPDJC),UPDJC,SpaCy
357,3.0,1519,108.0,ORG,Hluttaw,Hluttaw,Hluttaw,SpaCy
358,3.0,1519,110.0,ORG,Union Peace Dialogue Joint Committee (UPDJC),Union Peace Dialogue Joint Committee (UPDJC),UPDJC,SpaCy
360,3.0,1519,111.0,ORG,Tatmadaw,Tatmadaw,Tatmadaw,SpaCy
361,3.0,1519,112.0,ORG,Union Peace Dialogue Joint Committee (UPDJC),Union Peace Dialogue Joint Committee (UPDJC),UPDJC,SpaCy
363,3.0,1519,113.0,ORG,Union Peace Dialogue Joint Committee (UPDJC),Union Peace Dialogue Joint Committee (UPDJC),UPDJC,SpaCy
365,3.0,1519,114.0,ORG,Union Peace Dialogue Joint Committee (UPDJC),Union Peace Dialogue Joint Committee (UPDJC),UPDJC,SpaCy
376,3.0,1519,126.0,ORG,Union Peace Dialogue Joint Committee (UPDJC),Union Peace Dialogue Joint Committee (UPDJC),UPDJC,SpaCy
378,3.0,1519,128.0,ORG,Union Peace Dialogue Joint Committee (UPDJC),Union Peace Dialogue Joint Committee (UPDJC),UPDJC,SpaCy
380,3.0,1519,129.0,ORG,Union Peace Dialogue Joint Committee (UPDJC),Union Peace Dialogue Joint Committee (UPDJC),UPDJC,SpaCy
382,3.0,1519,130.0,ORG,Union Peace Dialogue Joint Committee (UPDJC),Union Peace Dialogue Joint Committee (UPDJC),UPDJC,SpaCy
385,3.0,1519,141.0,ORG,Hluttaw,Hluttaw,Hluttaw,SpaCy
389,3.0,1519,150.0,ORG,Union Peace Dialogue Joint Committee (UPDJC),Union Peace Dialogue Joint Committee (UPDJC),UPDJC,SpaCy
393,3.0,1519,153.0,ORG,Union Peace Dialogue Joint Committee (UPDJC),Union Peace Dialogue Joint Committee (UPDJC),UPDJC,SpaCy
398,4.0,1544,1.0,ORG,Government of the Republic of the Union of Myanmar,Government of the Republic of the Union of Myanmar,Gov. of Myanmar,SpaCy
400,4.0,1544,2.0,ORG,Joint Monitoring Committee (JMC),Joint Monitoring Committee (JMC),JMC,SpaCy
431,4.0,1544,87.0,ORG,Karen National Union (KNU)/Karen National Liberation Army (KNLA),Karen National Union (KNU)/Karen National Liberation Army (KNLA),KNU/KNLA,SpaCy
432,4.0,1544,87.0,ORG,Karen National Union (KNU)/Karen National Liberation Army (KNLA),Karen National Union (KNU)/Karen National Liberation Army (KNLA),KNU/KNLA,SpaCy
434,4.0,1544,89.0,ORG,Karen National Union (KNU)/Karen National Liberation Army (KNLA),Karen National Union (KNU)/Karen National Liberation Army (KNLA),KNU/KNLA,SpaCy
436,4.0,1544,90.0,ORG,Chin National Front (CNF),Chin National Front (CNF),CNF,SpaCy
443,5.0,1545,0.0,ORG,Joint Monitoring Committee (JMC),Joint Monitoring Committee (JMC),JMC,SpaCy
447,5.0,1545,2.0,ORG,Joint Ceasefire Monitoring Committee (JCMC),Joint Ceasefire Monitoring Committee (JCMC),JCMC,SpaCy
449,5.0,1545,7.0,ORG,Joint Ceasefire Monitoring Committee (JCMC),Joint Ceasefire Monitoring Committee (JCMC),JCMC,SpaCy
452,5.0,1545,14.0,ORG,Joint Ceasefire Monitoring Committee (JCMC),Joint Ceasefire Monitoring Committee (JCMC),JCMC,SpaCy
453,5.0,1545,14.0,ORG,Union Level Joint Ceasefire Monitoring Committee (JMC-U),Union Level Joint Ceasefire Monitoring Committee (JMC-U),JMC-U,SpaCy
455,5.0,1545,15.0,ORG,Joint Ceasefire Monitoring Committee (JCMC),Joint Ceasefire Monitoring Committee (JCMC),JCMC,SpaCy
456,5.0,1545,15.0,ORG,Joint Ceasefire Monitoring Committee (JCMC),Joint Ceasefire Monitoring Committee (JCMC),JCMC,SpaCy
457,5.0,1545,15.0,ORG,Union Level Joint Ceasefire Monitoring Committee (JMC-U),Union Level Joint Ceasefire Monitoring Committee (JMC-U),JMC-U,SpaCy
458,5.0,1545,17.0,ORG,Union Level Joint Ceasefire Monitoring Committee (JMC-U),Union Level Joint Ceasefire Monitoring Committee (JMC-U),JMC-U,SpaCy
462,5.0,1545,25.0,ORG,Union Level Joint Ceasefire Monitoring Committee (JMC-U),Union Level Joint Ceasefire Monitoring Committee (JMC-U),JMC-U,SpaCy
464,5.0,1545,26.0,ORG,Joint Monitoring Committee (JMC),Joint Monitoring Committee (JMC),JMC,SpaCy
465,5.0,1545,27.0,ORG,Union Level Joint Ceasefire Monitoring Committee (JMC-U),Union Level Joint Ceasefire Monitoring Committee (JMC-U),JMC-U,SpaCy
467,5.0,1545,31.0,ORG,Union Level Joint Ceasefire Monitoring Committee (JMC-U),Union Level Joint Ceasefire Monitoring Committee (JMC-U),JMC-U,SpaCy
468,5.0,1545,38.0,ORG,Union Level Joint Ceasefire Monitoring Committee (JMC-U),Union Level Joint Ceasefire Monitoring Committee (JMC-U),JMC-U,SpaCy
470,5.0,1545,40.0,ORG,Union Level Joint Ceasefire Monitoring Committee (JMC-U),Union Level Joint Ceasefire Monitoring Committee (JMC-U),JMC-U,SpaCy
472,5.0,1545,41.0,ORG,Joint Monitoring Committee (JMC),Joint Monitoring Committee (JMC),JMC,SpaCy
474,5.0,1545,43.0,ORG,Union Level Joint Ceasefire Monitoring Committee (JMC-U),Union Level Joint Ceasefire Monitoring Committee (JMC-U),JMC-U,SpaCy
476,5.0,1545,45.0,ORG,Joint Monitoring Committee (JMC),Joint Monitoring Committee (JMC),JMC,SpaCy
477,5.0,1545,46.0,ORG,Union Level Joint Ceasefire Monitoring Committee (JMC-U),Union Level Joint Ceasefire Monitoring Committee (JMC-U),JMC-U,SpaCy
478,5.0,1545,48.0,ORG,Union Level Joint Ceasefire Monitoring Committee (JMC-U),Union Level Joint Ceasefire Monitoring Committee (JMC-U),JMC-U,SpaCy
479,5.0,1545,48.0,ORG,State Level Joint Ceasefire Monitoring Committee (JMC-S),State Level Joint Ceasefire Monitoring Committee (JMC-S),JMC-S,SpaCy
481,5.0,1545,50.0,ORG,Union Level Joint Ceasefire Monitoring Committee (JMC-U),Union Level Joint Ceasefire Monitoring Committee (JMC-U),JMC-U,SpaCy
482,5.0,1545,50.0,ORG,Joint Ceasefire Monitoring Committee (JCMC),Joint Ceasefire Monitoring Committee (JCMC),JCMC,SpaCy
483,5.0,1545,50.0,ORG,Local Level Joint Ceasefire Monitoring Committee (JMC-L),Local Level Joint Ceasefire Monitoring Committee (JMC-L),JMC-L,SpaCy
484,5.0,1545,50.0,ORG,State Level Joint Ceasefire Monitoring Committee (JMC-S),State Level Joint Ceasefire Monitoring Committee (JMC-S),JMC-S,SpaCy
485,5.0,1545,51.0,ORG,State Level Joint Ceasefire Monitoring Committee (JMC-S),State Level Joint Ceasefire Monitoring Committee (JMC-S),JMC-S,SpaCy
486,5.0,1545,51.0,ORG,Joint Monitoring Committee (JMC),Joint Monitoring Committee (JMC),JMC,SpaCy
487,5.0,1545,51.0,ORG,Union Level Joint Ceasefire Monitoring Committee (JMC-U),Union Level Joint Ceasefire Monitoring Committee (JMC-U),JMC-U,SpaCy
488,5.0,1545,51.0,ORG,State Level Joint Ceasefire Monitoring Committee (JMC-S),State Level Joint Ceasefire Monitoring Committee (JMC-S),JMC-S,SpaCy
489,5.0,1545,52.0,ORG,Joint Monitoring Committee (JMC),Joint Monitoring Committee (JMC),JMC,SpaCy
490,5.0,1545,52.0,ORG,State Level Joint Ceasefire Monitoring Committee (JMC-S),State Level Joint Ceasefire Monitoring Committee (JMC-S),JMC-S,SpaCy
491,5.0,1545,53.0,ORG,Union Level Joint Ceasefire Monitoring Committee (JMC-U),Union Level Joint Ceasefire Monitoring Committee (JMC-U),JMC-U,SpaCy
493,5.0,1545,55.0,ORG,Union Level Joint Ceasefire Monitoring Committee (JMC-U),Union Level Joint Ceasefire Monitoring Committee (JMC-U),JMC-U,SpaCy
494,5.0,1545,57.0,ORG,Union Level Joint Ceasefire Monitoring Committee (JMC-U),Union Level Joint Ceasefire Monitoring Committee (JMC-U),JMC-U,SpaCy
495,5.0,1545,58.0,ORG,Joint Monitoring Committee (JMC),Joint Monitoring Committee (JMC),JMC,SpaCy
496,5.0,1545,60.0,ORG,Union Level Joint Ceasefire Monitoring Committee (JMC-U),Union Level Joint Ceasefire Monitoring Committee (JMC-U),JMC-U,SpaCy
498,5.0,1545,62.0,ORG,Joint Monitoring Committee (JMC),Joint Monitoring Committee (JMC),JMC,SpaCy
499,5.0,1545,64.0,ORG,Union Level Joint Ceasefire Monitoring Committee (JMC-U),Union Level Joint Ceasefire Monitoring Committee (JMC-U),JMC-U,SpaCy
500,5.0,1545,66.0,ORG,Union Level Joint Ceasefire Monitoring Committee (JMC-U),Union Level Joint Ceasefire Monitoring Committee (JMC-U),JMC-U,SpaCy
502,5.0,1545,68.0,ORG,Union Level Joint Ceasefire Monitoring Committee (JMC-U),Union Level Joint Ceasefire Monitoring Committee (JMC-U),JMC-U,SpaCy
503,5.0,1545,68.0,ORG,State Level Joint Ceasefire Monitoring Committee (JMC-S),State Level Joint Ceasefire Monitoring Committee (JMC-S),JMC-S,SpaCy
504,5.0,1545,69.0,ORG,Union Level Joint Ceasefire Monitoring Committee (JMC-U),Union Level Joint Ceasefire Monitoring Committee (JMC-U),JMC-U,SpaCy
505,5.0,1545,72.0,ORG,State Level Joint Ceasefire Monitoring Committee (JMC-S),State Level Joint Ceasefire Monitoring Committee (JMC-S),JMC-S,SpaCy
506,5.0,1545,72.0,ORG,Union Level Joint Ceasefire Monitoring Committee (JMC-U),Union Level Joint Ceasefire Monitoring Committee (JMC-U),JMC-U,SpaCy
507,5.0,1545,73.0,ORG,Union Level Joint Ceasefire Monitoring Committee (JMC-U),Union Level Joint Ceasefire Monitoring Committee (JMC-U),JMC-U,SpaCy
508,5.0,1545,75.0,ORG,Union Level Joint Ceasefire Monitoring Committee (JMC-U),Union Level Joint Ceasefire Monitoring Committee (JMC-U),JMC-U,SpaCy
509,5.0,1545,76.0,ORG,Union Level Joint Ceasefire Monitoring Committee (JMC-U),Union Level Joint Ceasefire Monitoring Committee (JMC-U),JMC-U,SpaCy
510,5.0,1545,78.0,ORG,Union Level Joint Ceasefire Monitoring Committee (JMC-U),Union Level Joint Ceasefire Monitoring Committee (JMC-U),JMC-U,SpaCy
511,5.0,1545,82.0,ORG,Union Level Joint Ceasefire Monitoring Committee (JMC-U),Union Level Joint Ceasefire Monitoring Committee (JMC-U),JMC-U,SpaCy
513,5.0,1545,84.0,ORG,Union Level Joint Ceasefire Monitoring Committee (JMC-U),Union Level Joint Ceasefire Monitoring Committee (JMC-U),JMC-U,SpaCy
514,5.0,1545,86.0,ORG,Union Level Joint Ceasefire Monitoring Committee (JMC-U),Union Level Joint Ceasefire Monitoring Committee (JMC-U),JMC-U,SpaCy
515,5.0,1545,87.0,ORG,Joint Ceasefire Monitoring Committee (JCMC),Joint Ceasefire Monitoring Committee (JCMC),JCMC,SpaCy
516,5.0,1545,87.0,ORG,State Level Joint Ceasefire Monitoring Committee (JMC-S),State Level Joint Ceasefire Monitoring Committee (JMC-S),JMC-S,SpaCy
517,5.0,1545,88.0,ORG,State Level Joint Ceasefire Monitoring Committee (JMC-S),State Level Joint Ceasefire Monitoring Committee (JMC-S),JMC-S,SpaCy
518,5.0,1545,88.0,ORG,Union Level Joint Ceasefire Monitoring Committee (JMC-U),Union Level Joint Ceasefire Monitoring Committee (JMC-U),JMC-U,SpaCy
519,5.0,1545,90.0,ORG,State Level Joint Ceasefire Monitoring Committee (JMC-S),State Level Joint Ceasefire Monitoring Committee (JMC-S),JMC-S,SpaCy
525,5.0,1545,94.0,ORG,Ethnic Armed Organizations (EAO),Ethnic Armed Organizations (EAO),EAO,SpaCy
529,5.0,1545,96.0,ORG,State Level Joint Ceasefire Monitoring Committee (JMC-S),State Level Joint Ceasefire Monitoring Committee (JMC-S),JMC-S,SpaCy
531,5.0,1545,97.0,ORG,State Level Joint Ceasefire Monitoring Committee (JMC-S),State Level Joint Ceasefire Monitoring Committee (JMC-S),JMC-S,SpaCy
532,5.0,1545,97.0,ORG,State Level Joint Ceasefire Monitoring Committee (JMC-S),State Level Joint Ceasefire Monitoring Committee (JMC-S),JMC-S,SpaCy
533,5.0,1545,98.0,ORG,State Level Joint Ceasefire Monitoring Committee (JMC-S),State Level Joint Ceasefire Monitoring Committee (JMC-S),JMC-S,SpaCy
535,5.0,1545,100.0,ORG,State Level Joint Ceasefire Monitoring Committee (JMC-S),State Level Joint Ceasefire Monitoring Committee (JMC-S),JMC-S,SpaCy
537,5.0,1545,102.0,ORG,State Level Joint Ceasefire Monitoring Committee (JMC-S),State Level Joint Ceasefire Monitoring Committee (JMC-S),JMC-S,SpaCy
538,5.0,1545,104.0,ORG,State Level Joint Ceasefire Monitoring Committee (JMC-S),State Level Joint Ceasefire Monitoring Committee (JMC-S),JMC-S,SpaCy
539,5.0,1545,107.0,ORG,State Level Joint Ceasefire Monitoring Committee (JMC-S),State Level Joint Ceasefire Monitoring Committee (JMC-S),JMC-S,SpaCy
540,5.0,1545,109.0,ORG,State Level Joint Ceasefire Monitoring Committee (JMC-S),State Level Joint Ceasefire Monitoring Committee (JMC-S),JMC-S,SpaCy
541,5.0,1545,109.0,ORG,Joint Ceasefire Monitoring Committee (JCMC),Joint Ceasefire Monitoring Committee (JCMC),JCMC,SpaCy
542,5.0,1545,109.0,ORG,Local Level Joint Ceasefire Monitoring Committee (JMC-L),Local Level Joint Ceasefire Monitoring Committee (JMC-L),JMC-L,SpaCy
543,5.0,1545,109.0,ORG,Local Level Joint Ceasefire Monitoring Committee (JMC-L),Local Level Joint Ceasefire Monitoring Committee (JMC-L),JMC-L,SpaCy
544,5.0,1545,111.0,ORG,State Level Joint Ceasefire Monitoring Committee (JMC-S),State Level Joint Ceasefire Monitoring Committee (JMC-S),JMC-S,SpaCy
546,5.0,1545,112.0,ORG,State Level Joint Ceasefire Monitoring Committee (JMC-S),State Level Joint Ceasefire Monitoring Committee (JMC-S),JMC-S,SpaCy
547,5.0,1545,112.0,ORG,Union Level Joint Ceasefire Monitoring Committee (JMC-U),Union Level Joint Ceasefire Monitoring Committee (JMC-U),JMC-U,SpaCy
548,5.0,1545,114.0,ORG,State Level Joint Ceasefire Monitoring Committee (JMC-S),State Level Joint Ceasefire Monitoring Committee (JMC-S),JMC-S,SpaCy
549,5.0,1545,114.0,ORG,Joint Ceasefire Monitoring Committee (JCMC),Joint Ceasefire Monitoring Committee (JCMC),JCMC,SpaCy
550,5.0,1545,114.0,ORG,Local Level Joint Ceasefire Monitoring Committee (JMC-L),Local Level Joint Ceasefire Monitoring Committee (JMC-L),JMC-L,SpaCy
554,5.0,1545,115.0,ORG,Joint Monitoring Committee (JMC),Joint Monitoring Committee (JMC),JMC,SpaCy
555,5.0,1545,115.0,ORG,State Level Joint Ceasefire Monitoring Committee (JMC-S),State Level Joint Ceasefire Monitoring Committee (JMC-S),JMC-S,SpaCy
556,5.0,1545,116.0,ORG,State Level Joint Ceasefire Monitoring Committee (JMC-S),State Level Joint Ceasefire Monitoring Committee (JMC-S),JMC-S,SpaCy
557,5.0,1545,116.0,ORG,State Level Joint Ceasefire Monitoring Committee (JMC-S),State Level Joint Ceasefire Monitoring Committee (JMC-S),JMC-S,SpaCy
559,5.0,1545,117.0,ORG,State Level Joint Ceasefire Monitoring Committee (JMC-S),State Level Joint Ceasefire Monitoring Committee (JMC-S),JMC-S,SpaCy
560,5.0,1545,119.0,ORG,State Level Joint Ceasefire Monitoring Committee (JMC-S),State Level Joint Ceasefire Monitoring Committee (JMC-S),JMC-S,SpaCy
561,5.0,1545,119.0,ORG,State Level Joint Ceasefire Monitoring Committee (JMC-S),State Level Joint Ceasefire Monitoring Committee (JMC-S),JMC-S,SpaCy
564,5.0,1545,122.0,ORG,State Level Joint Ceasefire Monitoring Committee (JMC-S),State Level Joint Ceasefire Monitoring Committee (JMC-S),JMC-S,SpaCy
565,5.0,1545,122.0,ORG,Local Level Joint Ceasefire Monitoring Committee (JMC-L),Local Level Joint Ceasefire Monitoring Committee (JMC-L),JMC-L,SpaCy
566,5.0,1545,124.0,ORG,State Level Joint Ceasefire Monitoring Committee (JMC-S),State Level Joint Ceasefire Monitoring Committee (JMC-S),JMC-S,SpaCy
567,5.0,1545,126.0,ORG,State Level Joint Ceasefire Monitoring Committee (JMC-S),State Level Joint Ceasefire Monitoring Committee (JMC-S),JMC-S,SpaCy
568,5.0,1545,128.0,ORG,State Level Joint Ceasefire Monitoring Committee (JMC-S),State Level Joint Ceasefire Monitoring Committee (JMC-S),JMC-S,SpaCy
570,5.0,1545,130.0,ORG,State Level Joint Ceasefire Monitoring Committee (JMC-S),State Level Joint Ceasefire Monitoring Committee (JMC-S),JMC-S,SpaCy
571,5.0,1545,130.0,ORG,Local Level Joint Ceasefire Monitoring Committee (JMC-L),Local Level Joint Ceasefire Monitoring Committee (JMC-L),JMC-L,SpaCy
573,5.0,1545,131.0,ORG,State Level Joint Ceasefire Monitoring Committee (JMC-S),State Level Joint Ceasefire Monitoring Committee (JMC-S),JMC-S,SpaCy
574,5.0,1545,131.0,ORG,Union Level Joint Ceasefire Monitoring Committee (JMC-U),Union Level Joint Ceasefire Monitoring Committee (JMC-U),JMC-U,SpaCy
576,5.0,1545,132.0,ORG,State Level Joint Ceasefire Monitoring Committee (JMC-S),State Level Joint Ceasefire Monitoring Committee (JMC-S),JMC-S,SpaCy
577,5.0,1545,133.0,ORG,State Level Joint Ceasefire Monitoring Committee (JMC-S),State Level Joint Ceasefire Monitoring Committee (JMC-S),JMC-S,SpaCy
578,5.0,1545,135.0,ORG,State Level Joint Ceasefire Monitoring Committee (JMC-S),State Level Joint Ceasefire Monitoring Committee (JMC-S),JMC-S,SpaCy
579,5.0,1545,136.0,ORG,State Level Joint Ceasefire Monitoring Committee (JMC-S),State Level Joint Ceasefire Monitoring Committee (JMC-S),JMC-S,SpaCy
580,5.0,1545,136.0,ORG,State Level Joint Ceasefire Monitoring Committee (JMC-S),State Level Joint Ceasefire Monitoring Committee (JMC-S),JMC-S,SpaCy
581,5.0,1545,138.0,ORG,State Level Joint Ceasefire Monitoring Committee (JMC-S),State Level Joint Ceasefire Monitoring Committee (JMC-S),JMC-S,SpaCy
582,5.0,1545,142.0,ORG,State Level Joint Ceasefire Monitoring Committee (JMC-S),State Level Joint Ceasefire Monitoring Committee (JMC-S),JMC-S,SpaCy
584,5.0,1545,143.0,ORG,State Level Joint Ceasefire Monitoring Committee (JMC-S),State Level Joint Ceasefire Monitoring Committee (JMC-S),JMC-S,SpaCy
585,5.0,1545,145.0,ORG,State Level Joint Ceasefire Monitoring Committee (JMC-S),State Level Joint Ceasefire Monitoring Committee (JMC-S),JMC-S,SpaCy
586,5.0,1545,146.0,ORG,Local Level Joint Ceasefire Monitoring Committee (JMC-L),Local Level Joint Ceasefire Monitoring Committee (JMC-L),JMC-L,SpaCy
587,5.0,1545,147.0,ORG,Local Level Joint Ceasefire Monitoring Committee (JMC-L),Local Level Joint Ceasefire Monitoring Committee (JMC-L),JMC-L,SpaCy
588,5.0,1545,147.0,ORG,State Level Joint Ceasefire Monitoring Committee (JMC-S),State Level Joint Ceasefire Monitoring Committee (JMC-S),JMC-S,SpaCy
589,5.0,1545,147.0,ORG,Joint Ceasefire Monitoring Committee (JCMC),Joint Ceasefire Monitoring Committee (JCMC),JCMC,SpaCy
590,5.0,1545,147.0,ORG,Local Level Joint Ceasefire Monitoring Committee (JMC-L),Local Level Joint Ceasefire Monitoring Committee (JMC-L),JMC-L,SpaCy
591,5.0,1545,149.0,ORG,Local Level Joint Ceasefire Monitoring Committee (JMC-L),Local Level Joint Ceasefire Monitoring Committee (JMC-L),JMC-L,SpaCy
596,5.0,1545,150.0,ORG,Local Level Joint Ceasefire Monitoring Committee (JMC-L),Local Level Joint Ceasefire Monitoring Committee (JMC-L),JMC-L,SpaCy
597,5.0,1545,150.0,ORG,State Level Joint Ceasefire Monitoring Committee (JMC-S),State Level Joint Ceasefire Monitoring Committee (JMC-S),JMC-S,SpaCy
598,5.0,1545,150.0,ORG,Local Level Joint Ceasefire Monitoring Committee (JMC-L),Local Level Joint Ceasefire Monitoring Committee (JMC-L),JMC-L,SpaCy
599,5.0,1545,151.0,ORG,Local Level Joint Ceasefire Monitoring Committee (JMC-L),Local Level Joint Ceasefire Monitoring Committee (JMC-L),JMC-L,SpaCy
600,5.0,1545,152.0,ORG,State Level Joint Ceasefire Monitoring Committee (JMC-S),State Level Joint Ceasefire Monitoring Committee (JMC-S),JMC-S,SpaCy
601,5.0,1545,152.0,ORG,Local Level Joint Ceasefire Monitoring Committee (JMC-L),Local Level Joint Ceasefire Monitoring Committee (JMC-L),JMC-L,SpaCy
602,5.0,1545,154.0,ORG,Local Level Joint Ceasefire Monitoring Committee (JMC-L),Local Level Joint Ceasefire Monitoring Committee (JMC-L),JMC-L,SpaCy
603,5.0,1545,154.0,ORG,State Level Joint Ceasefire Monitoring Committee (JMC-S),State Level Joint Ceasefire Monitoring Committee (JMC-S),JMC-S,SpaCy
604,5.0,1545,156.0,ORG,Local Level Joint Ceasefire Monitoring Committee (JMC-L),Local Level Joint Ceasefire Monitoring Committee (JMC-L),JMC-L,SpaCy
605,5.0,1545,156.0,ORG,State Level Joint Ceasefire Monitoring Committee (JMC-S),State Level Joint Ceasefire Monitoring Committee (JMC-S),JMC-S,SpaCy
606,5.0,1545,157.0,ORG,Local Level Joint Ceasefire Monitoring Committee (JMC-L),Local Level Joint Ceasefire Monitoring Committee (JMC-L),JMC-L,SpaCy
607,5.0,1545,157.0,ORG,Joint Monitoring Committee (JMC),Joint Monitoring Committee (JMC),JMC,SpaCy
608,5.0,1545,159.0,ORG,Local Level Joint Ceasefire Monitoring Committee (JMC-L),Local Level Joint Ceasefire Monitoring Committee (JMC-L),JMC-L,SpaCy
609,5.0,1545,159.0,ORG,State Level Joint Ceasefire Monitoring Committee (JMC-S),State Level Joint Ceasefire Monitoring Committee (JMC-S),JMC-S,SpaCy
610,5.0,1545,162.0,ORG,Local Level Joint Ceasefire Monitoring Committee (JMC-L),Local Level Joint Ceasefire Monitoring Committee (JMC-L),JMC-L,SpaCy
611,5.0,1545,164.0,ORG,Local Level Joint Ceasefire Monitoring Committee (JMC-L),Local Level Joint Ceasefire Monitoring Committee (JMC-L),JMC-L,SpaCy
612,5.0,1545,166.0,ORG,Local Level Joint Ceasefire Monitoring Committee (JMC-L),Local Level Joint Ceasefire Monitoring Committee (JMC-L),JMC-L,SpaCy
614,5.0,1545,168.0,ORG,Local Level Joint Ceasefire Monitoring Committee (JMC-L),Local Level Joint Ceasefire Monitoring Committee (JMC-L),JMC-L,SpaCy
615,5.0,1545,168.0,ORG,State Level Joint Ceasefire Monitoring Committee (JMC-S),State Level Joint Ceasefire Monitoring Committee (JMC-S),JMC-S,SpaCy
616,5.0,1545,170.0,ORG,Local Level Joint Ceasefire Monitoring Committee (JMC-L),Local Level Joint Ceasefire Monitoring Committee (JMC-L),JMC-L,SpaCy
617,5.0,1545,172.0,ORG,Local Level Joint Ceasefire Monitoring Committee (JMC-L),Local Level Joint Ceasefire Monitoring Committee (JMC-L),JMC-L,SpaCy
619,5.0,1545,173.0,ORG,Local Level Joint Ceasefire Monitoring Committee (JMC-L),Local Level Joint Ceasefire Monitoring Committee (JMC-L),JMC-L,SpaCy
620,5.0,1545,174.0,ORG,Local Level Joint Ceasefire Monitoring Committee (JMC-L),Local Level Joint Ceasefire Monitoring Committee (JMC-L),JMC-L,SpaCy
621,5.0,1545,176.0,ORG,State Level Joint Ceasefire Monitoring Committee (JMC-S),State Level Joint Ceasefire Monitoring Committee (JMC-S),JMC-S,SpaCy
622,5.0,1545,179.0,ORG,State Level Joint Ceasefire Monitoring Committee (JMC-S),State Level Joint Ceasefire Monitoring Committee (JMC-S),JMC-S,SpaCy
624,5.0,1545,181.0,ORG,Union Level Joint Ceasefire Monitoring Committee (JMC-U),Union Level Joint Ceasefire Monitoring Committee (JMC-U),JMC-U,SpaCy
625,5.0,1545,182.0,ORG,State Level Joint Ceasefire Monitoring Committee (JMC-S),State Level Joint Ceasefire Monitoring Committee (JMC-S),JMC-S,SpaCy
626,5.0,1545,184.0,ORG,State Level Joint Ceasefire Monitoring Committee (JMC-S),State Level Joint Ceasefire Monitoring Committee (JMC-S),JMC-S,SpaCy
628,5.0,1545,186.0,ORG,Joint Monitoring Committee (JMC),Joint Monitoring Committee (JMC),JMC,SpaCy
629,5.0,1545,186.0,ORG,Union Level Joint Ceasefire Monitoring Committee (JMC-U),Union Level Joint Ceasefire Monitoring Committee (JMC-U),JMC-U,SpaCy
630,5.0,1545,186.0,ORG,State Level Joint Ceasefire Monitoring Committee (JMC-S),State Level Joint Ceasefire Monitoring Committee (JMC-S),JMC-S,SpaCy
633,5.0,1545,187.0,ORG,Local Level Joint Ceasefire Monitoring Committee (JMC-L),Local Level Joint Ceasefire Monitoring Committee (JMC-L),JMC-L,SpaCy
634,5.0,1545,188.0,ORG,Union Level Joint Ceasefire Monitoring Committee (JMC-U),Union Level Joint Ceasefire Monitoring Committee (JMC-U),JMC-U,SpaCy
635,5.0,1545,188.0,ORG,State Level Joint Ceasefire Monitoring Committee (JMC-S),State Level Joint Ceasefire Monitoring Committee (JMC-S),JMC-S,SpaCy
636,5.0,1545,188.0,ORG,Joint Monitoring Committee (JMC),Joint Monitoring Committee (JMC),JMC,SpaCy
637,5.0,1545,188.0,ORG,Joint Monitoring Committee (JMC),Joint Monitoring Committee (JMC),JMC,SpaCy
639,5.0,1545,189.0,ORG,Local Level Joint Ceasefire Monitoring Committee (JMC-L),Local Level Joint Ceasefire Monitoring Committee (JMC-L),JMC-L,SpaCy
640,5.0,1545,189.0,ORG,Joint Monitoring Committee (JMC),Joint Monitoring Committee (JMC),JMC,SpaCy
641,5.0,1545,190.0,ORG,Joint Monitoring Committee (JMC),Joint Monitoring Committee (JMC),JMC,SpaCy
644,5.0,1545,194.0,ORG,Joint Monitoring Committee (JMC),Joint Monitoring Committee (JMC),JMC,SpaCy
645,5.0,1545,195.0,ORG,Joint Monitoring Committee (JMC),Joint Monitoring Committee (JMC),JMC,SpaCy
648,5.0,1545,198.0,ORG,Joint Monitoring Committee (JMC),Joint Monitoring Committee (JMC),JMC,SpaCy
649,5.0,1545,199.0,ORG,Joint Monitoring Committee (JMC),Joint Monitoring Committee (JMC),JMC,SpaCy
651,5.0,1545,200.0,ORG,Joint Monitoring Committee (JMC),Joint Monitoring Committee (JMC),JMC,SpaCy
655,5.0,1545,203.0,ORG,Local Level Joint Ceasefire Monitoring Committee (JMC-L),Local Level Joint Ceasefire Monitoring Committee (JMC-L),JMC-L,SpaCy
658,5.0,1545,205.0,ORG,Local Level Joint Ceasefire Monitoring Committee (JMC-L),Local Level Joint Ceasefire Monitoring Committee (JMC-L),JMC-L,SpaCy
659,5.0,1545,206.0,ORG,State Level Joint Ceasefire Monitoring Committee (JMC-S),State Level Joint Ceasefire Monitoring Committee (JMC-S),JMC-S,SpaCy
660,5.0,1545,207.0,ORG,Joint Monitoring Committee (JMC),Joint Monitoring Committee (JMC),JMC,SpaCy
661,5.0,1545,209.0,ORG,Joint Monitoring Committee (JMC),Joint Monitoring Committee (JMC),JMC,SpaCy
662,5.0,1545,211.0,ORG,Joint Monitoring Committee (JMC),Joint Monitoring Committee (JMC),JMC,SpaCy
663,5.0,1545,212.0,ORG,Joint Monitoring Committee (JMC),Joint Monitoring Committee (JMC),JMC,SpaCy
664,5.0,1545,214.0,ORG,Joint Monitoring Committee (JMC),Joint Monitoring Committee (JMC),JMC,SpaCy
665,5.0,1545,215.0,ORG,Joint Monitoring Committee (JMC),Joint Monitoring Committee (JMC),JMC,SpaCy
666,5.0,1545,216.0,ORG,Joint Monitoring Committee (JMC),Joint Monitoring Committee (JMC),JMC,SpaCy
667,5.0,1545,218.0,ORG,Joint Monitoring Committee (JMC),Joint Monitoring Committee (JMC),JMC,SpaCy
668,5.0,1545,220.0,ORG,Joint Monitoring Committee (JMC),Joint Monitoring Committee (JMC),JMC,SpaCy
669,5.0,1545,220.0,ORG,Joint Monitoring Committee (JMC),Joint Monitoring Committee (JMC),JMC,SpaCy
670,5.0,1545,220.0,ORG,Joint Monitoring Committee (JMC),Joint Monitoring Committee (JMC),JMC,SpaCy
671,5.0,1545,222.0,ORG,Joint Monitoring Committee (JMC),Joint Monitoring Committee (JMC),JMC,SpaCy
672,5.0,1545,224.0,ORG,Joint Monitoring Committee (JMC),Joint Monitoring Committee (JMC),JMC,SpaCy
673,5.0,1545,226.0,ORG,Joint Monitoring Committee (JMC),Joint Monitoring Committee (JMC),JMC,SpaCy
674,5.0,1545,226.0,ORG,Joint Monitoring Committee (JMC),Joint Monitoring Committee (JMC),JMC,SpaCy
677,6.0,1546,0.0,ORG,All Burma Students Democratic Front (ABSDF),All Burma Students Democratic Front (ABSDF),ABSDF,SpaCy
678,6.0,1546,4.0,ORG,All Burma Students Democratic Front (ABSDF),All Burma Students Democratic Front (ABSDF),ABSDF,SpaCy
679,6.0,1546,5.0,ORG,All Burma Students Democratic Front (ABSDF),All Burma Students Democratic Front (ABSDF),ABSDF,SpaCy
680,6.0,1546,6.0,ORG,All Burma Students Democratic Front (ABSDF),All Burma Students Democratic Front (ABSDF),ABSDF,SpaCy
683,6.0,1546,9.0,ORG,All Burma Students Democratic Front (ABSDF),All Burma Students Democratic Front (ABSDF),ABSDF,SpaCy
685,7.0,1550,0.0,ORG,Karenni National Progressive Party (KNPP),Karenni National Progressive Party (KNPP),KNPP,SpaCy
686,7.0,1550,0.0,ORG,Karenni National Progressive Party (KNPP),Karenni National Progressive Party (KNPP),KNPP,SpaCy
687,7.0,1550,1.0,ORG,Karenni National Progressive Party (KNPP),Karenni National Progressive Party (KNPP),KNPP,SpaCy
690,7.0,1550,1.0,ORG,Karenni National Progressive Party (KNPP),KNPP,KNPP,SpaCy
692,7.0,1550,3.0,ORG,Karenni National Progressive Party (KNPP),Karenni National Progressive Party (KNPP),KNPP,SpaCy
696,7.0,1550,10.0,ORG,Karenni National Progressive Party (KNPP),Karenni National Progressive Party (KNPP),KNPP,SpaCy
698,8.0,1551,0.0,ORG,Chin National Front (CNF),Chin National Front (CNF),CNF,SpaCy
700,8.0,1551,1.0,ORG,Chin National Front (CNF),Chin National Front (CNF),CNF,SpaCy
701,8.0,1551,1.0,ORG,Chin National Front (CNF),Chin National Front (CNF),CNF,SpaCy
704,8.0,1551,1.0,ORG,Chin National Front (CNF),Chin National Front (CNF),CNF,SpaCy
708,8.0,1551,2.0,ORG,Chin National Front (CNF),Chin National Front (CNF),CNF,SpaCy
709,8.0,1551,2.0,ORG,Chin National Front (CNF),Chin National Front (CNF),CNF,SpaCy
711,8.0,1551,4.0,ORG,Chin National Front (CNF),Chin National Front (CNF),CNF,SpaCy
712,8.0,1551,4.0,ORG,Chin National Front (CNF),Chin National Front (CNF),CNF,SpaCy
713,8.0,1551,4.0,ORG,Chin National Front (CNF),Chin National Front (CNF),CNF,SpaCy
721,8.0,1551,5.0,ORG,Chin National Front (CNF),Chin National Front (CNF),CNF,SpaCy
725,8.0,1551,6.0,ORG,Chin National Front (CNF),Chin National Front (CNF),CNF,SpaCy
736,8.0,1551,9.0,ORG,Chin National Front (CNF),Chin National Front (CNF),CNF,SpaCy
739,8.0,1551,12.0,ORG,Chin National Front (CNF),Chin National Front (CNF),CNF,SpaCy
740,8.0,1551,12.0,ORG,Chin National Front (CNF),Chin National Front (CNF),CNF,SpaCy
748,8.0,1551,16.0,ORG,Chin National Front (CNF),Chin National Front (CNF),CNF,SpaCy
750,8.0,1551,16.0,ORG,Chin National Front (CNF),Chin National Front (CNF),CNF,SpaCy
751,8.0,1551,17.0,ORG,Chin National Front (CNF),Chin National Front (CNF),CNF,SpaCy
752,8.0,1551,18.0,ORG,Chin National Front (CNF),Chin National Front (CNF),CNF,SpaCy
759,8.0,1551,22.0,ORG,Chin National Front (CNF),Chin National Front (CNF),CNF,SpaCy
765,8.0,1551,23.0,ORG,Chin National Front (CNF),Chin National Front (CNF),CNF,SpaCy
767,8.0,1551,24.0,ORG,Chin National Front (CNF),Chin National Front (CNF),CNF,SpaCy
769,8.0,1551,24.0,ORG,Chin National Front (CNF),Chin National Front (CNF),CNF,SpaCy
770,8.0,1551,24.0,ORG,Government of the Republic of the Union of Myanmar,Government of the Republic of the Union of Myanmar,Gov. of Myanmar,SpaCy
771,8.0,1551,25.0,ORG,Chin National Front (CNF),Chin National Front (CNF),CNF,SpaCy
775,8.0,1551,26.0,ORG,Government of the Republic of the Union of Myanmar,Government of the Republic of the Union of Myanmar,Gov. of Myanmar,SpaCy
777,8.0,1551,28.0,ORG,Chin National Front (CNF),Chin National Front (CNF),CNF,SpaCy
778,8.0,1551,28.0,ORG,Chin National Front (CNF),Chin National Front (CNF),CNF,SpaCy
780,8.0,1551,29.0,ORG,Chin National Front (CNF),Chin National Front (CNF),CNF,SpaCy
781,8.0,1551,31.0,ORG,Chin National Front (CNF),Chin National Front (CNF),CNF,SpaCy
783,8.0,1551,33.0,ORG,Chin National Front (CNF),Chin National Front (CNF),CNF,SpaCy
784,8.0,1551,33.0,ORG,Chin National Front (CNF),Chin National Front (CNF),CNF,SpaCy
786,8.0,1551,34.0,ORG,Chin National Front (CNF),Chin National Front (CNF),CNF,SpaCy
787,8.0,1551,35.0,ORG,Chin National Front (CNF),Chin National Front (CNF),CNF,SpaCy
790,8.0,1551,36.0,ORG,Chin National Front (CNF),Chin National Front (CNF),CNF,SpaCy
791,8.0,1551,37.0,ORG,Chin National Front (CNF),Chin National Front (CNF),CNF,SpaCy
792,8.0,1551,37.0,ORG,Chin National Front (CNF),Chin National Front (CNF),CNF,SpaCy
796,8.0,1551,47.0,ORG,Government of the Republic of the Union of Myanmar,Government of the Republic of the Union of Myanmar,Gov. of Myanmar,SpaCy
799,8.0,1551,47.0,ORG,Chin National Front (CNF),Chin National Front (CNF),CNF,SpaCy
800,8.0,1551,47.0,ORG,Chin National Front (CNF),Chin National Front (CNF),CNF,SpaCy
803,8.0,1551,50.0,ORG,Chin National Front (CNF),Chin National Front (CNF),CNF,SpaCy
804,8.0,1551,50.0,ORG,Chin National Front (CNF),Chin National Front (CNF),CNF,SpaCy
805,8.0,1551,50.0,ORG,Chin National Front (CNF),Chin National Front (CNF),CNF,SpaCy
812,8.0,1551,53.0,ORG,Chin National Front (CNF),Chin National Front (CNF),CNF,SpaCy
813,8.0,1551,53.0,ORG,Chin National Front (CNF),Chin National Front (CNF),CNF,SpaCy
816,8.0,1551,53.0,ORG,Union Peace Dialogue Joint Committee (UPDJC),Union Peace Dialogue Joint Committee (UPDJC),UPDJC,SpaCy
834,10.0,1553,0.0,ORG,Karen National Union (KNU)/Karen National Liberation Army (KNLA),Karen National Union (KNU)/Karen National Liberation Army (KNLA),KNU/KNLA,SpaCy
835,10.0,1553,0.0,ORG,Government of the Republic of the Union of Myanmar,Government of the Republic of the Union of Myanmar,Gov. of Myanmar,SpaCy
836,10.0,1553,0.0,ORG,Karen National Union (KNU)/Karen National Liberation Army (KNLA),Karen National Union (KNU)/Karen National Liberation Army (KNLA),KNU/KNLA,SpaCy
838,10.0,1553,1.0,ORG,Karen National Union (KNU)/Karen National Liberation Army (KNLA),Karen National Union (KNU)/Karen National Liberation Army (KNLA),KNU/KNLA,SpaCy
839,10.0,1553,2.0,ORG,Karen National Union (KNU)/Karen National Liberation Army (KNLA),Karen National Union (KNU)/Karen National Liberation Army (KNLA),KNU/KNLA,SpaCy
840,10.0,1553,3.0,ORG,Karen National Union (KNU)/Karen National Liberation Army (KNLA),Karen National Union (KNU)/Karen National Liberation Army (KNLA),KNU/KNLA,SpaCy
841,10.0,1553,3.0,ORG,Karen National Union (KNU)/Karen National Liberation Army (KNLA),Karen National Union (KNU)/Karen National Liberation Army (KNLA),KNU/KNLA,SpaCy
842,10.0,1553,4.0,ORG,Karen National Union (KNU)/Karen National Liberation Army (KNLA),Karen National Union (KNU)/Karen National Liberation Army (KNLA),KNU/KNLA,SpaCy
843,10.0,1553,5.0,ORG,Karen National Union (KNU)/Karen National Liberation Army (KNLA),Karen National Union (KNU)/Karen National Liberation Army (KNLA),KNU/KNLA,SpaCy
885,12.0,1557,0.0,ORG,New Mon State Party (NMSP),New Mon State Party (NMSP),NMSP,SpaCy
889,12.0,1557,1.0,ORG,New Mon State Party (NMSP),New Mon State Party (NMSP),NMSP,SpaCy
899,12.0,1557,7.0,ORG,New Mon State Party (NMSP),New Mon State Party (NMSP),NMSP,SpaCy
908,13.0,1558,0.0,ORG,National Socialist Council of Nagaland (NSCN),National Socialist Council of Nagaland (NSCN),NSCN,SpaCy
909,13.0,1558,0.0,ORG,National Socialist Council of Nagaland (NSCN),National Socialist Council of Nagaland (NSCN),NSCN,SpaCy
914,13.0,1558,2.0,ORG,Tatmadaw,Tatmadaw,Tatmadaw,SpaCy
915,13.0,1558,2.0,ORG,National Socialist Council of Nagaland (NSCN),National Socialist Council of Nagaland (NSCN),NSCN,SpaCy
916,13.0,1558,3.0,ORG,National Socialist Council of Nagaland (NSCN),National Socialist Council of Nagaland (NSCN),NSCN,SpaCy
918,13.0,1558,4.0,ORG,National Socialist Council of Nagaland (NSCN),National Socialist Council of Nagaland (NSCN),NSCN,SpaCy
919,13.0,1558,5.0,ORG,National Socialist Council of Nagaland (NSCN),National Socialist Council of Nagaland (NSCN),NSCN,SpaCy
920,14.0,1559,0.0,ORG,Shan State Progress Party (SSPP)/Shan State Army (SSA),Shan State Progress Party (SSPP)/Shan State Army (SSA),SSPP/SSA,SpaCy
923,14.0,1559,0.0,ORG,Shan State Progress Party (SSPP)/Shan State Army (SSA),Shan State Progress Party (SSPP)/Shan State Army (SSA),SSPP/SSA,SpaCy
930,14.0,1559,17.0,ORG,Government of the Republic of the Union of Myanmar,Government of the Republic of the Union of Myanmar,Gov. of Myanmar,SpaCy
931,15.0,1560,0.0,ORG,Shan State Progress Party (SSPP)/Shan State Army (SSA),Shan State Progress Party (SSPP)/Shan State Army (SSA),SSPP/SSA,SpaCy
934,15.0,1560,0.0,ORG,Shan State Progress Party (SSPP)/Shan State Army (SSA),Shan State Progress Party (SSPP)/Shan State Army (SSA),SSPP/SSA,SpaCy
937,15.0,1560,6.0,ORG,Shan State Progress Party (SSPP)/Shan State Army (SSA),Shan State Progress Party (SSPP)/Shan State Army (SSA),SSPP/SSA,SpaCy
940,15.0,1560,12.0,ORG,Shan State Progress Party (SSPP)/Shan State Army (SSA),Shan State Progress Party (SSPP)/Shan State Army (SSA),SSPP/SSA,SpaCy
948,15.0,1560,13.0,ORG,Shan State Progress Party (SSPP)/Shan State Army (SSA),Shan State Progress Party (SSPP)/Shan State Army (SSA),SSPP/SSA,SpaCy
949,16.0,1561,0.0,ORG,Shan State Progress Party (SSPP)/Shan State Army (SSA),Shan State Progress Party (SSPP)/Shan State Army (SSA),SSPP/SSA,SpaCy
951,16.0,1561,1.0,ORG,Shan State Progress Party (SSPP)/Shan State Army (SSA),Shan State Progress Party (SSPP)/Shan State Army (SSA),SSPP/SSA,SpaCy
953,16.0,1561,1.0,ORG,Shan State Progress Party (SSPP)/Shan State Army (SSA),Shan State Progress Party (SSPP)/Shan State Army (SSA),SSPP/SSA,SpaCy
955,16.0,1561,4.0,ORG,Union Peacemaking Working Committee (UPWC),Union Peacemaking Working Committee (UPWC),UPWC,SpaCy
958,17.0,1562,0.0,ORG,Shan State Progress Party (SSPP)/Shan State Army (SSA),Shan State Progress Party (SSPP)/Shan State Army (SSA),SSPP/SSA,SpaCy
959,17.0,1562,0.0,ORG,Shan State Progress Party (SSPP)/Shan State Army (SSA),Shan State Progress Party (SSPP)/Shan State Army (SSA),SSPP/SSA,SpaCy
960,17.0,1562,0.0,ORG,Shan State Progress Party (SSPP)/Shan State Army (SSA),Shan State Progress Party (SSPP)/Shan State Army (SSA),SSPP/SSA,SpaCy
969,17.0,1562,1.0,ORG,Shan State Progress Party (SSPP)/Shan State Army (SSA),Shan State Progress Party (SSPP)/Shan State Army (SSA),SSPP/SSA,SpaCy
978,17.0,1562,2.0,ORG,Shan State Progress Party (SSPP)/Shan State Army (SSA),Shan State Progress Party (SSPP)/Shan State Army (SSA),SSPP/SSA,SpaCy
989,17.0,1562,4.0,ORG,Shan State Progress Party (SSPP)/Shan State Army (SSA),Shan State Progress Party (SSPP)/Shan State Army (SSA),SSPP/SSA,SpaCy
998,17.0,1562,4.0,ORG,Shan State Progress Party (SSPP)/Shan State Army (SSA),Shan State Progress Party (SSPP)/Shan State Army (SSA),SSPP/SSA,SpaCy
1002,17.0,1562,6.0,ORG,Tatmadaw,Tatmadaw,Tatmadaw,SpaCy
1003,17.0,1562,6.0,ORG,Shan State Progress Party (SSPP)/Shan State Army (SSA),Shan State Progress Party (SSPP)/Shan State Army (SSA),SSPP/SSA,SpaCy
1004,17.0,1562,7.0,ORG,Shan State Progress Party (SSPP)/Shan State Army (SSA),Shan State Progress Party (SSPP)/Shan State Army (SSA),SSPP/SSA,SpaCy
1010,17.0,1562,12.0,ORG,Shan State Progress Party (SSPP)/Shan State Army (SSA),Shan State Progress Party (SSPP)/Shan State Army (SSA),SSPP/SSA,SpaCy
1011,17.0,1562,12.0,ORG,Shan State Progress Party (SSPP)/Shan State Army (SSA),Shan State Progress Party (SSPP)/Shan State Army (SSA),SSPP/SSA,SpaCy
1013,17.0,1562,14.0,ORG,Shan State Progress Party (SSPP)/Shan State Army (SSA),Shan State Progress Party (SSPP)/Shan State Army (SSA),SSPP/SSA,SpaCy
1014,17.0,1562,14.0,ORG,Shan State Progress Party (SSPP)/Shan State Army (SSA),Shan State Progress Party (SSPP)/Shan State Army (SSA),SSPP/SSA,SpaCy
1017,17.0,1562,16.0,ORG,Shan State Progress Party (SSPP)/Shan State Army (SSA),Shan State Progress Party (SSPP)/Shan State Army (SSA),SSPP/SSA,SpaCy
1021,17.0,1562,19.0,ORG,Shan State Progress Party (SSPP)/Shan State Army (SSA),Shan State Progress Party (SSPP)/Shan State Army (SSA),SSPP/SSA,SpaCy
1035,19.0,1564,0.0,ORG,Karen National Union (KNU)/Karen National Liberation Army (KNLA),Karen National Union (KNU)/Karen National Liberation Army (KNLA),KNU/KNLA,SpaCy
1036,19.0,1564,0.0,ORG,Karen National Union (KNU)/Karen National Liberation Army (KNLA),Karen National Union (KNU)/Karen National Liberation Army (KNLA),KNU/KNLA,SpaCy
1037,19.0,1564,0.0,ORG,Karen National Union (KNU)/Karen National Liberation Army (KNLA),Karen National Union (KNU)/Karen National Liberation Army (KNLA),KNU/KNLA,SpaCy
1043,19.0,1564,1.0,ORG,Karen National Union (KNU)/Karen National Liberation Army (KNLA),Karen National Union (KNU)/Karen National Liberation Army (KNLA),KNU/KNLA,SpaCy
1044,19.0,1564,17.0,ORG,Karen National Union (KNU)/Karen National Liberation Army (KNLA),Karen National Union (KNU)/Karen National Liberation Army (KNLA),KNU/KNLA,SpaCy
1062,21.0,1579,0.0,ORG,Pa-O National Liberation Organisation (PNLO),Pa-O National Liberation Organisation (PNLO),PNLO,SpaCy
1063,21.0,1579,0.0,ORG,Government of the Republic of the Union of Myanmar,Government of the Republic of the Union of Myanmar,Gov. of Myanmar,SpaCy
1068,22.0,1580,0.0,ORG,Pa-O National Liberation Organisation (PNLO),Pa-O National Liberation Organisation (PNLO),PNLO,SpaCy
1069,22.0,1580,0.0,ORG,Union Peacemaking Working Committee (UPWC),Union Peacemaking Working Committee (UPWC),UPWC,SpaCy
1072,22.0,1580,1.0,ORG,Pa-O National Liberation Organisation (PNLO),Pa-O National Liberation Organisation (PNLO),PNLO,SpaCy
1073,22.0,1580,2.0,ORG,Pa-O National Liberation Organisation (PNLO),Pa-O National Liberation Organisation (PNLO),PNLO,SpaCy
1079,22.0,1580,10.0,ORG,Union Peacemaking Working Committee (UPWC),Union Peacemaking Working Committee (UPWC),UPWC,SpaCy
1080,22.0,1580,10.0,ORG,Pa-O National Liberation Organisation (PNLO),Pa-O National Liberation Organisation (PNLO),PNLO,SpaCy
1082,22.0,1580,11.0,ORG,Pa-O National Liberation Organisation (PNLO),Pa-O National Liberation Organisation (PNLO),PNLO,SpaCy
1085,22.0,1580,11.0,ORG,Pa-O National Liberation Organisation (PNLO),Pa-O National Liberation Organisation (PNLO),PNLO,SpaCy
1086,22.0,1580,11.0,ORG,Pa-O National Liberation Organisation (PNLO),Pa-O National Liberation Organisation (PNLO),PNLO,SpaCy
1089,22.0,1580,12.0,ORG,Pa-O National Liberation Organisation (PNLO),Pa-O National Liberation Organisation (PNLO),PNLO,SpaCy
1090,22.0,1580,16.0,ORG,Pa-O National Liberation Organisation (PNLO),Pa-O National Liberation Organisation (PNLO),PNLO,SpaCy
1091,22.0,1580,16.0,ORG,Union Peacemaking Working Committee (UPWC),Union Peacemaking Working Committee (UPWC),UPWC,SpaCy
1093,22.0,1580,16.0,ORG,Pa-O National Liberation Organisation (PNLO),Pa-O National Liberation Organisation (PNLO),PNLO,SpaCy
1094,22.0,1580,16.0,ORG,United Nationalities Federal Council (UNFC),United Nationalities Federal Council (UNFC),UNFC,SpaCy
1095,22.0,1580,18.0,ORG,Pa-O National Liberation Organisation (PNLO),Pa-O National Liberation Organisation (PNLO),PNLO,SpaCy
1099,23.0,1581,0.0,ORG,Kachin Independence Organisation (KIO),Kachin Independence Organisation (KIO),KIO,SpaCy
1103,23.0,1581,0.0,ORG,Kachin Independence Organisation (KIO),Kachin Independence Organisation (KIO),KIO,SpaCy
1106,23.0,1581,5.0,ORG,Kachin Independence Organisation (KIO),Kachin Independence Organisation (KIO),KIO,SpaCy
1121,24.0,1582,19.0,ORG,United Nations,United Nations,UN,SpaCy
1145,26.0,1603,0.0,ORG,Shan State Progress Party (SSPP)/Shan State Army (SSA),Shan State Progress Party (SSPP)/Shan State Army (SSA),SSPP/SSA,SpaCy
1146,26.0,1603,1.0,ORG,United Nations Office on Drugs and Crime (UNODC),United Nations Office on Drugs and Crime (UNODC),UNODC,SpaCy
1149,26.0,1603,2.0,ORG,United Nations Office on Drugs and Crime (UNODC),United Nations Office on Drugs and Crime (UNODC),UNODC,SpaCy
1150,26.0,1603,5.0,ORG,United Nations Office on Drugs and Crime (UNODC),United Nations Office on Drugs and Crime (UNODC),UNODC,SpaCy
1151,26.0,1603,6.0,ORG,United Nations Office on Drugs and Crime (UNODC),United Nations Office on Drugs and Crime (UNODC),UNODC,SpaCy
1153,26.0,1603,8.0,ORG,Shan State Progress Party (SSPP)/Shan State Army (SSA),Shan State Progress Party (SSPP)/Shan State Army (SSA),SSPP/SSA,SpaCy
1155,26.0,1603,9.0,ORG,United Nations Office on Drugs and Crime (UNODC),United Nations Office on Drugs and Crime (UNODC),UNODC,SpaCy
1158,26.0,1603,9.0,ORG,United Nations Office on Drugs and Crime (UNODC),United Nations Office on Drugs and Crime (UNODC),UNODC,SpaCy
1171,27.0,1841,55.0,ORG,Arakan Army,Arakan Army,AA,SpaCy
1174,27.0,1841,57.0,ORG,Arakan Army,Arakan Army,AA,SpaCy
1177,27.0,1841,59.0,ORG,Karen National Union (KNU)/Karen National Liberation Army (KNLA),Karen National Union (KNU)/Karen National Liberation Army (KNLA),KNU/KNLA,SpaCy
1179,27.0,1841,62.0,ORG,Karen National Union (KNU)/Karen National Liberation Army (KNLA),Karen National Union (KNU)/Karen National Liberation Army (KNLA),KNU/KNLA,SpaCy
1180,27.0,1841,62.0,ORG,Karen National Union (KNU)/Karen National Liberation Army (KNLA),Karen National Union (KNU)/Karen National Liberation Army (KNLA),KNU/KNLA,SpaCy
1182,27.0,1841,64.0,ORG,Lahu Democratic Union,Lahu Democratic Union,LDU,SpaCy
1188,28.0,2369,3.0,ORG,Union Level Joint Ceasefire Monitoring Committee (JMC-U),Union Level Joint Ceasefire Monitoring Committee (JMC-U),JMC-U,SpaCy
1189,28.0,2369,3.0,ORG,Union Peace Dialogue Joint Committee (UPDJC),Union Peace Dialogue Joint Committee (UPDJC),UPDJC,SpaCy
1194,28.0,2369,8.0,ORG,Government of the Republic of the Union of Myanmar,Government of the Republic of the Union of Myanmar,Gov. of Myanmar,SpaCy
1196,28.0,2369,9.0,ORG,Hluttaw,Hluttaw,Hluttaw,SpaCy
1197,28.0,2369,10.0,ORG,Tatmadaw,Tatmadaw,Tatmadaw,SpaCy
1199,28.0,2369,11.0,ORG,Ethnic Armed Organizations (EAO),Ethnic Armed Organizations (EAO),EAO,SpaCy
1203,28.0,2369,12.0,ORG,Government of the Republic of the Union of Myanmar,Government of the Republic of the Union of Myanmar,Gov. of Myanmar,SpaCy
1204,28.0,2369,12.0,ORG,Ethnic Armed Organizations (EAO),Political Parties Group,,SpaCy
1213,28.0,2369,27.0,ORG,Union Peace Dialogue Joint Committee (UPDJC),Union Peace Dialogue Joint Committee (UPDJC),UPDJC,SpaCy
1214,28.0,2369,27.0,ORG,Joint Monitoring Committee (JMC),Joint Monitoring Committee (JMC),JMC,SpaCy
1217,28.0,2369,35.0,ORG,Hluttaw,Hluttaw,Hluttaw,SpaCy
1218,28.0,2369,35.0,ORG,Tatmadaw,Tatmadaw,Tatmadaw,SpaCy
1225,28.0,2369,41.0,ORG,Union Peace Dialogue Joint Committee (UPDJC),Union Peace Dialogue Joint Committee (UPDJC),UPDJC,SpaCy
1226,28.0,2369,43.0,ORG,Union Peace Dialogue Joint Committee (UPDJC),Union Peace Dialogue Joint Committee (UPDJC),UPDJC,SpaCy
1245,30.0,770,0.0,ORG,Shan State Progress Party (SSPP)/Shan State Army (SSA),Shan State Progress Party (SSPP)/Shan State Army (SSA),SSPP/SSA,SpaCy
1258,31.0,771,0.0,ORG,Chin National Front (CNF),Chin National Front (CNF),CNF,SpaCy
1270,31.0,771,0.0,ORG,Chin National Front (CNF),Chin National Front (CNF),CNF,SpaCy
1274,31.0,771,0.0,ORG,Chin National Front (CNF),Chin National Front (CNF),CNF,SpaCy
1276,31.0,771,1.0,ORG,Chin National Front (CNF),Chin National Front (CNF),CNF,SpaCy
1277,31.0,771,2.0,ORG,Chin National Front (CNF),Chin National Front (CNF),CNF,SpaCy
1278,31.0,771,2.0,ORG,Chin National Front (CNF),Chin National Front (CNF),CNF,SpaCy
1279,31.0,771,3.0,ORG,Chin National Front (CNF),Chin National Front (CNF),CNF,SpaCy
1280,31.0,771,3.0,ORG,Chin National Front (CNF),Chin National Front (CNF),CNF,SpaCy
1286,31.0,771,5.0,ORG,Chin National Front (CNF),Chin National Front (CNF),CNF,SpaCy
1296,31.0,771,7.0,ORG,Chin National Front (CNF),Chin National Front (CNF),CNF,SpaCy
1297,31.0,771,7.0,ORG,Chin National Front (CNF),Chin National Front (CNF),CNF,SpaCy
1298,31.0,771,7.0,ORG,Chin National Front (CNF),Chin National Front (CNF),CNF,SpaCy
1299,31.0,771,8.0,ORG,Chin National Front (CNF),Chin National Front (CNF),CNF,SpaCy
1300,31.0,771,8.0,ORG,Chin National Front (CNF),Chin National Front (CNF),CNF,SpaCy
1301,31.0,771,8.0,ORG,Chin National Front (CNF),Chin National Front (CNF),CNF,SpaCy
1302,31.0,771,10.0,ORG,Chin National Front (CNF),Chin National Front (CNF),CNF,SpaCy
1303,31.0,771,10.0,ORG,Chin National Front (CNF),Chin National Front (CNF),CNF,SpaCy
1304,31.0,771,10.0,ORG,Chin National Front (CNF),Chin National Front (CNF),CNF,SpaCy
1305,31.0,771,10.0,ORG,Chin National Front (CNF),Chin National Front (CNF),CNF,SpaCy
1306,31.0,771,11.0,ORG,Chin National Front (CNF),Chin National Front (CNF),CNF,SpaCy
1307,31.0,771,11.0,ORG,Chin National Front (CNF),Chin National Front (CNF),CNF,SpaCy
1310,31.0,771,13.0,ORG,Chin National Front (CNF),Chin National Front (CNF),CNF,SpaCy
1311,31.0,771,13.0,ORG,Chin National Front (CNF),Chin National Front (CNF),CNF,SpaCy
1312,31.0,771,13.0,ORG,Chin National Front (CNF),Chin National Front (CNF),CNF,SpaCy
1316,31.0,771,14.0,ORG,Chin National Front (CNF),Chin National Front (CNF),CNF,SpaCy
1317,31.0,771,14.0,ORG,Chin National Front (CNF),Chin National Front (CNF),CNF,SpaCy
1318,31.0,771,14.0,ORG,Chin National Front (CNF),Chin National Front (CNF),CNF,SpaCy
1319,31.0,771,14.0,ORG,Chin National Front (CNF),Chin National Front (CNF),CNF,SpaCy
1321,31.0,771,15.0,ORG,Chin National Front (CNF),Chin National Front (CNF),CNF,SpaCy
1322,31.0,771,15.0,ORG,Chin National Front (CNF),Chin National Front (CNF),CNF,SpaCy
1324,31.0,771,16.0,ORG,Chin National Front (CNF),Chin National Front (CNF),CNF,SpaCy
1325,31.0,771,16.0,ORG,Chin National Front (CNF),Chin National Front (CNF),CNF,SpaCy
1332,32.0,773,0.0,ORG,Shan State Progress Party (SSPP)/Shan State Army (SSA),Shan State Progress Party (SSPP)/Shan State Army (SSA),SSPP/SSA,SpaCy
1333,32.0,773,0.0,ORG,Shan State Progress Party (SSPP)/Shan State Army (SSA),Shan State Progress Party (SSPP)/Shan State Army (SSA),SSPP/SSA,SpaCy
1334,32.0,773,0.0,ORG,Shan State Progress Party (SSPP)/Shan State Army (SSA),Shan State Progress Party (SSPP)/Shan State Army (SSA),SSPP/SSA,SpaCy
1338,32.0,773,2.0,ORG,Shan State Progress Party (SSPP)/Shan State Army (SSA),Shan State Progress Party (SSPP)/Shan State Army (SSA),SSPP/SSA,SpaCy
1340,33.0,774,0.0,ORG,New Mon State Party (NMSP),New Mon State Party (NMSP),NMSP,SpaCy
1341,33.0,774,0.0,ORG,New Mon State Party (NMSP),New Mon State Party (NMSP),NMSP,SpaCy
1344,34.0,775,0.0,ORG,Karen National Union (KNU)/Karen National Liberation Army (KNLA),Karen National Union (KNU)/Karen National Liberation Army (KNLA),KNU/KNLA,SpaCy
1345,34.0,775,0.0,ORG,Karen National Union (KNU)/Karen National Liberation Army (KNLA),Karen National Union (KNU)/Karen National Liberation Army (KNLA),KNU/KNLA,SpaCy
1346,34.0,775,0.0,ORG,Tatmadaw,Tatmadaw,Tatmadaw,SpaCy
1347,34.0,775,0.0,ORG,Karen National Union (KNU)/Karen National Liberation Army (KNLA),Karen National Union (KNU)/Karen National Liberation Army (KNLA),KNU/KNLA,SpaCy
1348,34.0,775,1.0,ORG,Karen National Union (KNU)/Karen National Liberation Army (KNLA),Karen National Union (KNU)/Karen National Liberation Army (KNLA),KNU/KNLA,SpaCy
1349,34.0,775,1.0,ORG,Karen National Union (KNU)/Karen National Liberation Army (KNLA),Karen National Union (KNU)/Karen National Liberation Army (KNLA),KNU/KNLA,SpaCy
1356,34.0,775,5.0,ORG,Karen National Union (KNU)/Karen National Liberation Army (KNLA),Karen National Union (KNU)/Karen National Liberation Army (KNLA),KNU/KNLA,SpaCy
1357,34.0,775,5.0,ORG,Karen National Union (KNU)/Karen National Liberation Army (KNLA),Karen National Union (KNU)/Karen National Liberation Army (KNLA),KNU/KNLA,SpaCy
1359,34.0,775,7.0,ORG,Karen National Union (KNU)/Karen National Liberation Army (KNLA),Karen National Union (KNU)/Karen National Liberation Army (KNLA),KNU/KNLA,SpaCy
1360,34.0,775,7.0,ORG,Karen National Union (KNU)/Karen National Liberation Army (KNLA),Karen National Union (KNU)/Karen National Liberation Army (KNLA),KNU/KNLA,SpaCy
1362,35.0,776,0.0,ORG,Rakhine State Liberation Party (RSLP),Rakhine State Liberation Party (RSLP),RSLP,SpaCy
1364,35.0,776,0.0,ORG,Tatmadaw,Tatmadaw,Tatmadaw,SpaCy
1365,35.0,776,0.0,ORG,Rakhine State Liberation Party (RSLP),Rakhine State Liberation Party (RSLP),RSLP,SpaCy
1366,35.0,776,1.0,ORG,Rakhine State Liberation Party (RSLP),Rakhine State Liberation Party (RSLP),RSLP,SpaCy
1368,35.0,776,2.0,ORG,Rakhine State Liberation Party (RSLP),Rakhine State Liberation Party (RSLP),RSLP,SpaCy
1370,35.0,776,3.0,ORG,Government of the Republic of the Union of Myanmar,Government of the Republic of the Union of Myanmar,Gov. of Myanmar,SpaCy
1371,35.0,776,3.0,ORG,Rakhine State Liberation Party (RSLP),Rakhine State Liberation Party (RSLP),RSLP,SpaCy
1375,35.0,776,5.0,ORG,Rakhine State Liberation Party (RSLP),Rakhine State Liberation Party (RSLP),RSLP,SpaCy
35,0.0,1321,5.0,PERSON,General Aung San,Government of the Republic of the Union of Myanmar,Gov. of Myanmar,SpaCy
418,4.0,1544,65.0,PERSON,Lt. Gen. Ya Pyit,Government of the Republic of the Union of Myanmar,Gov. of Myanmar,SpaCy
419,4.0,1544,67.0,PERSON,U Khin Maung Soe,Government of the Republic of the Union of Myanmar,Gov. of Myanmar,SpaCy
420,4.0,1544,69.0,PERSON,Lt. Gen. Ye Aung,Government of the Republic of the Union of Myanmar,Gov. of Myanmar,SpaCy
421,4.0,1544,71.0,PERSON,Maj. Gen. Tun Tun Naung,Government of the Republic of the Union of Myanmar,Gov. of Myanmar,SpaCy
422,4.0,1544,74.0,PERSON,Maj. Gen. Aung Kyaw Zaw,Government of the Republic of the Union of Myanmar,Gov. of Myanmar,SpaCy
424,4.0,1544,79.0,PERSON,U Myint Soe,Government of the Republic of the Union of Myanmar,Gov. of Myanmar,SpaCy
428,4.0,1544,85.0,PERSON,Dr. Min Zaw Oo,Government of the Republic of the Union of Myanmar,Gov. of Myanmar,SpaCy
430,4.0,1544,87.0,PERSON,Maj. Gen. Saw Isaac Poe,KNU,KNU/KNLA,SpaCy
433,4.0,1544,89.0,PERSON,Maj. Gen. Saw Nay Soe Mya,KNU,KNU/KNLA,SpaCy
435,4.0,1544,90.0,PERSON,Dr. Shwe Kah,CNF,CNF,SpaCy
437,4.0,1544,92.0,PERSON,Col. Saw Kyaw Than Htay, Saw Kyaw Htay,,SpaCy
439,4.0,1544,95.0,PERSON,Lt. Col. Khun Aung Mang,PNLO,PNLO,SpaCy
440,4.0,1544,96.0,PERSON,Salai Yaw Aung,ABSDF,ABSDF,SpaCy
441,4.0,1544,100.0,PERSON,Col. Hsaung Han,RCSS,RCSS,SpaCy
442,4.0,1544,102.0,PERSON,Sai Liang,RCSS,RCSS,SpaCy
689,7.0,1550,1.0,PERSON,U Aung Min,Government of the Republic of the Union of Myanmar,Gov. of Myanmar,SpaCy
823,9.0,1552,1.0,PERSON,Col. Aung Lwin,Karen State Government,,SpaCy
824,9.0,1552,1.0,PERSON,U Saw Mu Shay,DKBA-5,DKBA-5,SpaCy
833,9.0,1552,6.0,PERSON,Maj. Gen Saw Lar Pwe,Government of the Republic of the Union of Myanmar,Gov. of Myanmar,SpaCy
837,10.0,1553,0.0,PERSON,U Aung Min,Government of the Republic of the Union of Myanmar,Gov. of Myanmar,SpaCy
844,11.0,1555,0.0,PERSON,U Aung Thaung,Government of the Republic of the Union of Myanmar,Gov. of Myanmar,SpaCy
845,11.0,1555,0.0,PERSON,U Thein Zaw,Government of the Republic of the Union of Myanmar,Gov. of Myanmar,SpaCy
846,11.0,1555,0.0,PERSON,U Win Tun,Government of the Republic of the Union of Myanmar,Gov. of Myanmar,SpaCy
869,12.0,1557,0.0,PERSON,U Aung Min,Government of the Republic of the Union of Myanmar,Gov. of Myanmar,SpaCy
875,12.0,1557,0.0,PERSON,U Win Tun,Government of the Republic of the Union of Myanmar,Gov. of Myanmar,SpaCy
877,12.0,1557,0.0,PERSON,U Ohn Myint,Government of the Republic of the Union of Myanmar,Gov. of Myanmar,SpaCy
895,12.0,1557,1.0,PERSON,U Win Tun,Government of the Republic of the Union of Myanmar,Gov. of Myanmar,SpaCy
897,12.0,1557,1.0,PERSON,U Ohn Myint,Government of the Republic of the Union of Myanmar,Gov. of Myanmar,SpaCy
904,12.0,1557,26.0,PERSON,U Aung Min,Government of the Republic of the Union of Myanmar,Gov. of Myanmar,SpaCy
964,17.0,1562,1.0,PERSON,U Aung Thaung,Government of the Republic of the Union of Myanmar,Gov. of Myanmar,SpaCy
966,17.0,1562,1.0,PERSON,U Thein Zaw,Government of the Republic of the Union of Myanmar,Gov. of Myanmar,SpaCy
967,17.0,1562,1.0,PERSON,U Ohn Myint,Government of the Republic of the Union of Myanmar,Gov. of Myanmar,SpaCy
968,17.0,1562,1.0,PERSON,U Win Tun,Government of the Republic of the Union of Myanmar,Gov. of Myanmar,SpaCy
970,17.0,1562,1.0,PERSON,U Sao Aung Myat,Shan State Government,,SpaCy
972,17.0,1562,1.0,PERSON,U Maung Maung Thein,Government of the Republic of the Union of Myanmar,Gov. of Myanmar,SpaCy
973,17.0,1562,1.0,PERSON,Maj-Gen Aung Kyaw Zaw,Government of the Republic of the Union of Myanmar,Gov. of Myanmar,SpaCy
974,17.0,1562,1.0,PERSON,Maj-Gen Mya Tun Oo,Government of the Republic of the Union of Myanmar,Gov. of Myanmar,SpaCy
975,17.0,1562,1.0,PERSON,Maj-Gen Zaw Win,Government of the Republic of the Union of Myanmar,Gov. of Myanmar,SpaCy
976,17.0,1562,1.0,PERSON,U Soe Tint, U Soe Tint,,SpaCy
977,17.0,1562,1.0,PERSON,Col Aung Thu.,Shan State Government,,SpaCy
981,17.0,1562,2.0,PERSON,General Sao Khay Tai,SSPP/SSA,SSPP/SSA,SpaCy
982,17.0,1562,2.0,PERSON,Sao Khin Min,SSPP/SSA,SSPP/SSA,SpaCy
983,17.0,1562,2.0,PERSON,Sao Khun Hsai,SSPP/SSA,SSPP/SSA,SpaCy
984,17.0,1562,2.0,PERSON,Sao Khay Maung,SSPP/SSA,SSPP/SSA,SpaCy
985,17.0,1562,2.0,PERSON,Sao Kyaw Hla,SSPP/SSA,SSPP/SSA,SpaCy
986,17.0,1562,2.0,PERSON,Sao Htin Mein,SSPP/SSA,SSPP/SSA,SpaCy
987,17.0,1562,2.0,PERSON,Sao Laung Khay,SSPP/SSA,SSPP/SSA,SpaCy
990,17.0,1562,4.0,PERSON,Col Aung Thu.,Shan State Government,,SpaCy
995,17.0,1562,4.0,PERSON,Maj-Gen Mya Tun Oo,Government of the Republic of the Union of Myanmar,Gov. of Myanmar,SpaCy
999,17.0,1562,4.0,PERSON,Sao Khay Maung,SSPP/SSA,SSPP/SSA,SpaCy
1001,17.0,1562,4.0,PERSON,Sao Htin Mein,SSPP/SSA,SSPP/SSA,SpaCy
1009,17.0,1562,12.0,PERSON,U Aung Thaung,Government of the Republic of the Union of Myanmar,Gov. of Myanmar,SpaCy
1012,17.0,1562,12.0,PERSON,General Sao Khay Tai,SSPP/SSA,SSPP/SSA,SpaCy
1018,17.0,1562,19.0,PERSON,U Aung Thaung,Government of the Republic of the Union of Myanmar,Gov. of Myanmar,SpaCy
1019,17.0,1562,19.0,PERSON,U Thein Zaw,Government of the Republic of the Union of Myanmar,Gov. of Myanmar,SpaCy
1022,17.0,1562,19.0,PERSON,General Sao Khay Tai,SSPP/SSA,SSPP/SSA,SpaCy
1023,17.0,1562,19.0,PERSON,Sao Khun Hsai,SSPP/SSA,SSPP/SSA,SpaCy
1026,18.0,1563,0.0,PERSON,U Aung Thaung,Government of the Republic of the Union of Myanmar,Gov. of Myanmar,SpaCy
1039,19.0,1564,1.0,PERSON,U Aung Min,Government of the Republic of the Union of Myanmar,Gov. of Myanmar,SpaCy
1042,19.0,1564,1.0,PERSON,General Secretary Naw Zipporah Sein,KNU,KNU/KNLA,SpaCy
1050,20.0,1578,0.0,PERSON,U Aung Thaung,Government of the Republic of the Union of Myanmar,Gov. of Myanmar,SpaCy
1052,20.0,1578,0.0,PERSON,U Saw Lah Pwe,DKBA-5,DKBA-5,SpaCy
1096,22.0,1580,18.0,PERSON,U Khun Okkar,PNLO,PNLO,SpaCy
1097,22.0,1580,18.0,PERSON,U Khun Myint Htun, U Khun Myint Htun,,SpaCy
1098,22.0,1580,18.0,PERSON,U Khin Mg Soe,UPWC,UPWC,SpaCy
1170,27.0,1841,55.0,PERSON,U Twan Zaw,Arakan National Council,,SpaCy
1172,27.0,1841,56.0,PERSON,U Tun Mrat Naing,Arakan Army,AA,SpaCy
1173,27.0,1841,57.0,PERSON,Pu Zin Cun,CNF,CNF,SpaCy
1175,27.0,1841,58.0,PERSON,Gen. Saw Mo Shay,DKBA,DKBA,SpaCy
1176,27.0,1841,59.0,PERSON,Koon Abel Tweed,KNPP,KNPP,SpaCy
1178,27.0,1841,62.0,PERSON,Col. Saw Kyaw Dah,KNU,KNU/KNLA,SpaCy
1181,27.0,1841,63.0,PERSON,Kya Khunsa,Lahu Democratic Union,LDU,SpaCy
1193,28.0,2369,8.0,PERSON,Dr. Tin Myo Win,Government of the Republic of the Union of Myanmar,Gov. of Myanmar,SpaCy
1195,28.0,2369,9.0,PERSON,Dr. May Win Myint,Government of the Republic of the Union of Myanmar,Gov. of Myanmar,SpaCy
1200,28.0,2369,12.0,PERSON,U Thu Wai,Political Parties Group,,SpaCy
1202,28.0,2369,12.0,PERSON,U Kyaw Win,Government of the Republic of the Union of Myanmar,Gov. of Myanmar,SpaCy
1267,31.0,771,0.0,PERSON,U Aung Min,Government of the Republic of the Union of Myanmar,Gov. of Myanmar,SpaCy
1268,31.0,771,0.0,PERSON,U Thein Sein,Government of the Republic of the Union of Myanmar,Gov. of Myanmar,SpaCy
1269,31.0,771,0.0,PERSON,Pu Zing Cung,CNF,CNF,SpaCy
1272,31.0,771,0.0,PERSON,Dr. Sui Khar,CNF,CNF,SpaCy
1327,31.0,771,16.0,PERSON,U Aung Min,Government of the Republic of the Union of Myanmar,Gov. of Myanmar,SpaCy
1329,31.0,771,16.0,PERSON,U Win Htun,Government of the Republic of the Union of Myanmar,Gov. of Myanmar,SpaCy
1330,31.0,771,16.0,PERSON,U Hung Ngai,Chin State Government,,SpaCy
1374,35.0,776,4.0,PERSON,Htein Lin,Government of the Republic of the Union of Myanmar,Gov. of Myanmar,SpaCy
0,,1544,,PERSON,Maj. Gen. Min Naung,,Gov. of Myanmar,manual
1,,1544,,PERSON,Lt. Col Khine Myo Chit,,ALP,manual
2,,1544,,PERSON,Padoh Saw Ta Doh Moo,,KNU,manual
3,,1550,,PERSON,Khu Oo Re,,KNPP,manual
4,,1562,,PERSON,U Tun Tun Oo,,Gov. of Myanmar,manual
5,,1562,,PERSON,Lt-Col Zaw Naing Oo,,Gov. of Myanmar,manual
6,,1562,,PERSON,Sao Hsay Pein Pha,,SSPP,manual
7,,1580,,PERSON,U Aung Min,,UPWC,manual
8,,1841,,PERSON,Khaing Thuka,,Arakan Liberation Party,manual
9,,1841,,PERSON,Saw Mutu Say Po,,KNU/KNLA,manual
10,,1841,,PERSON,Hpon Da Shwin,,Myanmar National Democratic Alliance Army,manual
11,,2369,,PERSON,Lt-Gen Tin Maug Win,,Tatmadaw,manual
12,,2369,,PERSON,Lian Hmung Sakhong,,EAO,manual
13,,2369,,PERSON,U Htone Phoo Dagon,,Ethnic Representative Government Group,manual
14,,2369,,PERSON,Kya Sha Mwe,,EAO,manual
15,,2369,,PERSON,Daw Khin Ma Ma Myo,,EAO,manual
16,,2369,,PERSON,Nang Aye Aye Thwe,,Political Parties Group,manual
