,,year,Actor,Total_Events
actor1,0,2018,Military Forces of Myanmar (2016-2021),64
actor1,1,2018,Protesters (Myanmar),31
actor1,2,2018,RCSS/SSA-S: Restoration Council of Shan State/Shan State Army-South,16
actor1,3,2018,Unidentified Armed Group (Myanmar),14
actor1,4,2018,KIO/KIA: Kachin Independence Organization/Kachin Independence Army,2
actor1,5,2018,Rioters (Myanmar),2
actor1,6,2018,Military Forces of Myanmar (2016-2021) People's Militia Force,1
actor1,7,2018,Police Forces of Myanmar (2016-2021),1
actor1,8,2018,Police Forces of Myanmar (2016-2021) Prison Guards,1
actor1,9,2018,Rohingya Muslim Militia (Myanmar),1
actor1,10,2018,Unidentified Armed Group (Bangladesh),1
actor1,11,2019,Military Forces of Myanmar (2016-2021),915
actor1,12,2019,Protesters (Myanmar),447
actor1,13,2019,Unidentified Armed Group (Myanmar),235
actor1,14,2019,ULA/AA: United League of Arakan/Arakan Army,45
actor1,15,2019,RCSS/SSA-S: Restoration Council of Shan State/Shan State Army-South,37
actor1,16,2019,Police Forces of Myanmar (2016-2021),24
actor1,17,2019,Police Forces of Myanmar (2016-2021) Border Guard Police,17
actor1,18,2019,Brotherhood Alliance,16
actor1,19,2019,Rioters (Myanmar),16
actor1,20,2019,KNU/KNLA: Karen National Union/Karen National Liberation Army,10
actor1,21,2019,PSLF/TNLA: Palaung State Liberation Front/Ta'ang National Liberation Army,9
actor1,22,2019,Government of Myanmar (2016-),6
actor1,23,2019,UWSP/UWSA: United Wa State Party/United Wa State Army,5
actor1,24,2019,SSPP/SSA-N: Shan State Progress Party/Shan State Army-North,4
actor1,25,2019,MNTJP/MNDAA: Myanmar National Truth and Justice Party/Myanmar National Democratic Alliance Army,3
actor1,26,2019,Military Forces of Myanmar (2016-2021) Border Guard Force,3
actor1,27,2019,Military Forces of Myanmar (2016-2021) People's Militia Force,3
actor1,28,2019,NMSP/MNLA: New Mon State Party/Mon National Liberation Army,3
actor1,29,2019,DKBA (Buddhist): Democratic Karen Buddhist Army (2016-),2
actor1,30,2019,KIO/KIA: Kachin Independence Organization/Kachin Independence Army,2
actor1,31,2019,Unidentified Communal Militia (Myanmar),2
actor1,32,2019,Civilians (Myanmar),1
actor1,33,2019,Kathe Rebels (India),1
actor1,34,2019,PNO/PNA: Pa-Oh National Organization/Pa-Oh National Army,1
actor1,35,2019,PSC/NDAA-ESS: Peace and Solidarity Committee/National Democratic Alliance Army-Eastern Shan State,1
actor1,36,2019,Private Security Forces (Myanmar),1
actor1,37,2019,ULFA-I: United Liberation Front of Asom-Independent,1
actor1,38,2019,ZRA: Zomi Revolutionary Army,1
actor1,39,2020,Military Forces of Myanmar (2016-2021),842
actor1,40,2020,Unidentified Armed Group (Myanmar),247
actor1,41,2020,Protesters (Myanmar),179
actor1,42,2020,ULA/AA: United League of Arakan/Arakan Army,58
actor1,43,2020,Civilians (Myanmar),36
actor1,44,2020,PSLF/TNLA: Palaung State Liberation Front/Ta'ang National Liberation Army,28
actor1,45,2020,Rioters (Myanmar),18
actor1,46,2020,RCSS/SSA-S: Restoration Council of Shan State/Shan State Army-South,15
actor1,47,2020,Police Forces of Myanmar (2016-2021) Border Guard Police,11
actor1,48,2020,KIO/KIA: Kachin Independence Organization/Kachin Independence Army,8
actor1,49,2020,KNU/KNLA: Karen National Union/Karen National Liberation Army,7
actor1,50,2020,Police Forces of Myanmar (2016-2021),7
actor1,51,2020,Military Forces of Myanmar (2016-2021) People's Militia Force,6
actor1,52,2020,ARSA: Arakan Rohingya Salvation Army,3
actor1,53,2020,DKBA (Buddhist): Democratic Karen Buddhist Army (2016-),3
actor1,54,2020,NMSP/MNLA: New Mon State Party/Mon National Liberation Army,3
actor1,55,2020,SSPP/SSA-N: Shan State Progress Party/Shan State Army-North,3
actor1,56,2020,Government of Myanmar (2016-),2
actor1,57,2020,DKBA (Benevolent): Democratic Karen Benevolent Army (2010-),1
actor1,58,2020,KPC: KNU/KNLA Peace Council,1
actor1,59,2020,MPDF: Mon Peace Defense Force,1
actor1,60,2020,Military Forces of Myanmar (2016-2021) Border Guard Force,1
actor1,61,2020,SNA: Shanni Nationalities Army,1
actor1,62,2021,Protesters (Myanmar),5729
actor1,63,2021,Military Forces of Myanmar (2021-),4267
actor1,64,2021,Unidentified Armed Group (Myanmar),2038
actor1,65,2021,KIO/KIA: Kachin Independence Organization/Kachin Independence Army,277
actor1,66,2021,Police Forces of Myanmar (2021-),200
actor1,67,2021,Civilians (Myanmar),197
actor1,68,2021,Rioters (Myanmar),107
actor1,69,2021,RCSS/SSA-S: Restoration Council of Shan State/Shan State Army-South,88
actor1,70,2021,People's Defense Force - Local Group,74
actor1,71,2021,PSLF/TNLA: Palaung State Liberation Front/Ta'ang National Liberation Army,55
actor1,72,2021,Government of Myanmar (2021-) State Administration Council,54
actor1,73,2021,CDF: Chinland Defense Force,52
actor1,74,2021,SSPP/SSA-N: Shan State Progress Party/Shan State Army-North,52
actor1,75,2021,KNU/KNLA: Karen National Union/Karen National Liberation Army,50
actor1,76,2021,MNTJP/MNDAA: Myanmar National Truth and Justice Party/Myanmar National Democratic Alliance Army,34
actor1,77,2021,People's Defense Force - Beikthano,33
actor1,78,2021,People's Defense Force - Yesagyo,31
actor1,79,2021,Pyu Saw Htee,31
actor1,80,2021,Military Forces of Myanmar (2021-) Border Guard Force,28
actor1,81,2021,Unidentified Local Defense Forces (Myanmar),28
actor1,82,2021,People's Defense Force - Kalay,27
actor1,83,2021,Military Forces of Myanmar (2016-2021),26
actor1,84,2021,King Cobra-Khin U,25
actor1,85,2021,YDF: Yaw Defense Force,24
actor1,86,2021,People's Defense Force - Pale,21
actor1,87,2021,YPDF: Ye People's Defense Force,19
actor1,88,2021,People's Defense Force - Pauk,17
actor1,89,2021,Military Forces of Myanmar (2021-) People's Militia Force,15
actor1,90,2021,People's Defense Force - Myaing,15
actor1,91,2021,People's Defense Force - South Monywa,15
actor1,92,2021,ARA: Ayadaw Revolutionary Alliance,14
actor1,93,2021,KNDF: Karenni Nationalities Defense Force,14
actor1,94,2021,People's Defense Force - Monywa,14
actor1,95,2021,CGF-HTY: Civil Guerrilla Force-HTY,13
actor1,96,2021,Government of Myanmar (2016-),13
actor1,97,2021,People's Defense Force - Pekon,13
actor1,98,2021,People's Defense Force - Tigyaing,13
actor1,99,2021,PDF: People's Defense Force,12
actor1,100,2021,People's Defense Force - Chaung-U,12
actor1,101,2021,People's Defense Force - Kani,12
actor1,102,2021,People's Defense Force - Khin-U,12
actor1,103,2021,KNPP/KA: Karenni National Progressive Party/Karenni Army,11
actor1,104,2021,PRA: People's Revolution Army,11
actor1,105,2021,People's Defense Force - Bago,11
actor1,106,2021,People's Defense Force - Nay Pyi Taw,11
actor1,107,2021,People's Defense Force - Saw Township,11
actor1,108,2021,CNF/CNA: Chin National Front/Chin National Army,10
actor1,109,2021,People's Defense Force - Gangaw,10
actor1,110,2021,Zero Guerrilla Force,10
actor1,111,2021,People's Defense Force - Mandalay,9
actor1,112,2021,People's Defense Force - Yinmarbin,9
actor1,113,2021,ULA/AA: United League of Arakan/Arakan Army,9
actor1,114,2021,People's Defense Force - Budalin,8
actor1,115,2021,People's Defense Force - Myaung,8
actor1,116,2021,TPC: Taze People Comrades,8
actor1,117,2021,G-20 UBPO: G-20 Urban Burma Phoenix Organization,7
actor1,118,2021,GZP-Mandalay: Generation Z Power (Mandalay),7
actor1,119,2021,Hnalone Hla Lu Maik Gyi Mya A Phwe: Big Beautiful Hearted Hoodlums,7
actor1,120,2021,People's Defense Force - Bago Region,7
actor1,121,2021,People's Defense Force - Kawlin,7
actor1,122,2021,People's Defense Force - Mingin,7
actor1,123,2021,People's Defense Force - Tabayin,7
actor1,124,2021,Ayeyar 14,6
actor1,125,2021,CNO/CNDF: Chin National Organization/Chin National Defense Force,6
actor1,126,2021,DGWCF: Delta Guerrilla Warfare Collective Forces,6
actor1,127,2021,FTR: Free Tiger Rangers,6
actor1,128,2021,Myinmu Hlatsit Pyaukkyar: Myinmu Lighting Guerrilla Force,6
actor1,129,2021,PAFD: People's Army to Fight Dictatorship,6
actor1,130,2021,People's Defense Force - Kanbalu,6
actor1,131,2021,People's Defense Force - Pakokku,6
actor1,132,2021,People's Defense Force - Tamu,6
actor1,133,2021,Phaung Daing Phaung Daing Group,6
actor1,134,2021,SNA: Shanni Nationalities Army,6
actor1,135,2021,TTA: Taungtha Youth Guerrilla Force,6
actor1,136,2021,21KPG: 21 Guerrilla Force - Kyaukpadaung,5
actor1,137,2021,KPDF: Karenni People's Defense Force,5
actor1,138,2021,Kanbalu UG: Kanbalu Underground Warriors,5
actor1,139,2021,MHG: Monywa Heroes Group,5
actor1,140,2021,People's Defense Force - Demoso,5
actor1,141,2021,People's Defense Force - Kyaukhtu,5
actor1,142,2021,People's Defense Force - Shwebo,5
actor1,143,2021,People's Defense Force - Taze,5
actor1,144,2021,YSTF: Ye Special Task Forces,5
actor1,145,2021,ACPLF: Anti-Coup People's Liberation Force,4
actor1,146,2021,Anti-Fascist Armed Force,4
actor1,147,2021,Baydar from Ayeyar,4
actor1,148,2021,CAF-MGPDF: Central Armed Forces,4
actor1,149,2021,HRDF: Hlaingtharya Region Defense Force,4
actor1,150,2021,No Chair Guerrilla Group,4
actor1,151,2021,PSTF: Pathein Special Task Force,4
actor1,152,2021,PUGF: Pyay Underground Force,4
actor1,153,2021,People's Defense Force - Hlegu,4
actor1,154,2021,People's Defense Force - Htilin (Yaw),4
actor1,155,2021,People's Defense Force - Magway,4
actor1,156,2021,People's Defense Force - Thein Za Yat,4
actor1,157,2021,People's Defense Force - Ye-U,4
actor1,158,2021,People's Defense Force - Yenangyaung,4
actor1,159,2021,ZRA: Zomi Revolutionary Army,4
actor1,160,2021,Zomi Federal Union/People's Defense Force - Zoland,4
actor1,161,2021,27 Revolution Forces,3
actor1,162,2021,ARSA: Arakan Rohingya Salvation Army,3
actor1,163,2021,BDF: Bago Defend Force,3
actor1,164,2021,CDSOM: Civilians Defense Security Organization Myaung,3
actor1,165,2021,DKDF: Dragon Kyaukse Defense Force,3
actor1,166,2021,Guerrilla Dawei,3
actor1,167,2021,KDDF: Kyaukse District Defense Force,3
actor1,168,2021,KNDO: Karen National Defence Organization,3
actor1,169,2021,KRDA: Kalay Region Defence Association,3
actor1,170,2021,KRF: Kyaikto Revolution Force,3
actor1,171,2021,LPDF-Sintgaing: Local People's Defense Force Sintgaing,3
actor1,172,2021,MPDF: Myittha People's Defense Force,3
actor1,173,2021,Mon State People's Defense Force,3
actor1,174,2021,Monywa The Boys,3
actor1,175,2021,Myaing Villages Revolution Front,3
actor1,176,2021,NA-B: Northern Alliance,3
actor1,177,2021,Ngazun's HEROS,3
actor1,178,2021,PRDF: Palaw Regional Defence Force,3
actor1,179,2021,PWDF: Pathein Western Defence Force,3
actor1,180,2021,People's Defense Force - Katha,3
actor1,181,2021,People's Defense Force - Kawhmu,3
actor1,182,2021,People's Defense Force - Kyaukpadaung,3
actor1,183,2021,People's Defense Force - Kyaukse,3
actor1,184,2021,People's Defense Force - Launglon,3
actor1,185,2021,People's Defense Force - Mawlamyine,3
actor1,186,2021,People's Defense Force - Minhla,3
actor1,187,2021,People's Defense Force - Moe Bye,3
actor1,188,2021,People's Defense Force - Myingyan,3
actor1,189,2021,People's Defense Force - Nyaung-U,3
actor1,190,2021,People's Defense Force - Padaung Yoma,3
actor1,191,2021,People's Defense Force - Taunggyi,3
actor1,192,2021,People's Defense Force - Thayet,3
actor1,193,2021,People's Defense Force - Wetlet,3
actor1,194,2021,People's Defense Force - Yangon,3
actor1,195,2021,Phoenix Defense Force,3
actor1,196,2021,Police Forces of Myanmar (2016-2021),3
actor1,197,2021,Special Force Paung,3
actor1,198,2021,Taze Tiger,3
actor1,199,2021,YPDF: Yaw People's Defense Force,3
actor1,200,2021,44st-UG,2
actor1,201,2021,BFRAF: Burma Final Revolution Armed Forces,2
actor1,202,2021,Bagan-Nyaung Oo People's Defense Force,2
actor1,203,2021,Black Eagle Defense Force-MMU,2
actor1,204,2021,DGRF: Dawei Guerrilla Revolution Force,2
actor1,205,2021,Eagle Guerrilla Group,2
actor1,206,2021,FFJ-Yesagyo: Fight For Justice Yesagyo,2
actor1,207,2021,Fox Army-HPDF,2
actor1,208,2021,Hlaing Tharyar Dalan Clearance Team,2
actor1,209,2021,IR: Indaw Revolution,2
actor1,210,2021,KDF: Karenni Democratic Front,2
actor1,211,2021,KSP: Karenni State Police,2
actor1,212,2021,Khin-U Sar Chit Nyo,2
actor1,213,2021,MG6 Guerilla Force,2
actor1,214,2021,MGN TIGER,2
actor1,215,2021,MTHSF: Mon Thaton Special Forces,2
actor1,216,2021,Maw Gyun - STF: Mawlamyinegyun Special Task Force,2
actor1,217,2021,Mon State Spring Revolution Front,2
actor1,218,2021,Monywa Rangers Group,2
actor1,219,2021,Myaung Women Warriors,2
actor1,220,2021,Natogyi People's Defense Force,2
actor1,221,2021,Ngan Net: Black Swan,2
actor1,222,2021,PNO/PNA: Pa-Oh National Organization/Pa-Oh National Army,2
actor1,223,2021,PRF: Patheingyi Revolution Force,2
actor1,224,2021,PSTF: Pyin Oo Lwin Special Task Forces,2
actor1,225,2021,People's Defense Force - Bogale,2
actor1,226,2021,People's Defense Force - Kalaw,2
actor1,227,2021,People's Defense Force - Kyaiklat,2
actor1,228,2021,People's Defense Force - Maubin,2
actor1,229,2021,People's Defense Force - Minbu-Saku,2
actor1,230,2021,People's Defense Force - Mingaladon,2
actor1,231,2021,People's Defense Force - Mogoke,2
actor1,232,2021,People's Defense Force - Myeik,2
actor1,233,2021,People's Defense Force - Myinmu,2
actor1,234,2021,People's Defense Force - Myitnge,2
actor1,235,2021,People's Defense Force - Palaw,2
actor1,236,2021,People's Defense Force - Paung,2
actor1,237,2021,People's Defense Force - Salingyi,2
actor1,238,2021,People's Defense Force - Shwegu,2
actor1,239,2021,People's Defense Force - Thanlyin,2
actor1,240,2021,Police Forces of Myanmar (2021-) Border Guard Police,2
actor1,241,2021,Red Code Revolution Team,2
actor1,242,2021,SDF: Pathein Guerrilla Revolution Front,2
actor1,243,2021,SHYG-PDF: South Shan Youths Groups PDF,2
actor1,244,2021,Tatkon Urban Guerrilla,2
actor1,245,2021,Thapyay Nyo Guerrilla Force,2
actor1,246,2021,Thay Min Hmat Tan: Death Note,2
actor1,247,2021,Upper Chindwin Guerrilla Group,2
actor1,248,2021,Yangon Urban Guerrillas,2
actor1,249,2021,AFA: Ayeyarwaddy Federal Army,1
actor1,250,2021,ANF: Ayeyarwady National Force,1
actor1,251,2021,APA: Ayadaw People's Alliance,1
actor1,252,2021,ASEAN: Association of Southeast Asian Nations,1
actor1,253,2021,Alawaka Guerrilla Force,1
actor1,254,2021,Anawrahta People's Defense Force,1
actor1,255,2021,Apostle Guerrilla Force,1
actor1,256,2021,Aye Yar Yit Wine Moe Kyoe Mone Tain: Thunderstorms Around the River,1
actor1,257,2021,Ayeyar Maung,1
actor1,258,2021,Ayeyarwady Dolphins,1
actor1,259,2021,BGF: Bago Guerrilla Force,1
actor1,260,2021,BGF: Burmese Guerrilla Force,1
actor1,261,2021,BLA: Bago Liberation Army,1
actor1,262,2021,BPDF-Yoma: Bago People's Defense Force - Yoma,1
actor1,263,2021,BPO: Burma Phoenix Organization,1
actor1,264,2021,Bilin Revolutionary Group,1
actor1,265,2021,Bo Nagar,1
actor1,266,2021,Brotherhood Alliance,1
actor1,267,2021,Burma Gunstars,1
actor1,268,2021,CDF-KKG: CDF Kalay-Kabaw-Gangaw,1
actor1,269,2021,Chindwin Galon Yazar,1
actor1,270,2021,DDT: Dawei Defense Team,1
actor1,271,2021,DKBA (Benevolent): Democratic Karen Benevolent Army (2010-),1
actor1,272,2021,DKBA (Buddhist): Democratic Karen Buddhist Army (2016-),1
actor1,273,2021,DKGF: Dragon Kyaukse Guerrilla Force,1
actor1,274,2021,DPDF: Danu People's Defense Force,1
actor1,275,2021,Dawei Assassinations Team,1
actor1,276,2021,Dedaye Urban Guerrilla Group,1
actor1,277,2021,Democratic Guerrilla Force - Lower Chindwin,1
actor1,278,2021,Duwun Revolutionary Force,1
actor1,279,2021,FFF: Fight for Freedom,1
actor1,280,2021,FYDF: Future For Ye Defense Forces,1
actor1,281,2021,Federal Self Defense Force - Kyaukse,1
actor1,282,2021,GBKPDF - Gyobingauk People's Defense Force,1
actor1,283,2021,GDF: Gurkha Defense Force,1
actor1,284,2021,Ghost Rider (MDY) Special Task Force,1
actor1,285,2021,Guerilla Souls,1
actor1,286,2021,HTF: Hta-Naung Task Force,1
actor1,287,2021,Hlaw Tet In Ahr Su 126: Rowing Force 126,1
actor1,288,2021,INDF: Inn National Defense Force,1
actor1,289,2021,IRDF: Insein Regional People Defence Force,1
actor1,290,2021,Justice Mandalay People Defense Force,1
actor1,291,2021,KBDF: Kanbauk Defense Force,1
actor1,292,2021,KGSTF: Kyaunggon Special Task Force,1
actor1,293,2021,KNO/KNA: Kuki National Organization/Kuki National Army,1
actor1,294,2021,KNO: Kachin National Organisation,1
actor1,295,2021,KPC: KNU/KNLA Peace Council,1
actor1,296,2021,KR: Kawlin Revolution,1
actor1,297,2021,Kalemyo Guerrilla Force,1
actor1,298,2021,Kalewa People's Defence Force,1
actor1,299,2021,Kani People's Defense Force - KLG,1
actor1,300,2021,Khin-U Local Guerrilla Force,1
actor1,301,2021,Kyaunggon Guerrilla Force,1
actor1,302,2021,Kyonpyaw Anti-Dictatorship People's Movement Group,1
actor1,303,2021,Kyonpyaw Urban Guerrilla Force,1
actor1,304,2021,LPSF: Launglon Public Security Forces,1
actor1,305,2021,Labutta Special Task Force,1
actor1,306,2021,Let Ye Zet Ye Nga Ye: Brashly and Audaciously Hell,1
actor1,307,2021,MDA: Magway Division Army,1
actor1,308,2021,MDF-YGN: Myanmar Defense Force - Yangon,1
actor1,309,2021,MLPDF: Mawlaik People's Defense Force,1
actor1,310,2021,MSPDF: Myaung Special People's Defense Force,1
actor1,311,2021,MSTF: Mandalay Special Task Force,1
actor1,312,2021,Mawlamyine Revolutionary Force,1
actor1,313,2021,Military Forces of Myanmar (2016-2021) People's Militia Force,1
actor1,314,2021,Military Forces of Myanmar (2021-) Coast Guard,1
actor1,315,2021,Mon Land Defense Army,1
actor1,316,2021,Monywa Nightking,1
actor1,317,2021,Monywa Young People Group,1
actor1,318,2021,Myaukyamar People's Defense Force - Yinmarbin,1
actor1,319,2021,Myaung Union Army,1
actor1,320,2021,Myingyan Guerrilla Force,1
actor1,321,2021,NGUFF: Never Give Up: Fox Force,1
actor1,322,2021,NPRF: Northwest Plains Revolutionary Forces,1
actor1,323,2021,Nway Oo Guerrilla Force,1
actor1,324,2021,OSTF: One Star Task Force,1
actor1,325,2021,PACF: People Alliance Collective Force,1
actor1,326,2021,PADF: People Anti-Fascist Defense Force,1
actor1,327,2021,PKPF: Progressive Karenni People Force,1
actor1,328,2021,PKU-GZ: Pakokku Generation Z,1
actor1,329,2021,PLA: People's Liberation Army,1
actor1,330,2021,PLA: People's Liberation Army of Manipur,1
actor1,331,2021,PNDF: Pa-Oh National Defense Force,1
actor1,332,2021,PPDF: Pa-O People's Defense Force (Kham Dom),1
actor1,333,2021,PSD-Army: People Security and Defense LSO Army,1
actor1,334,2021,PSDA: People Security And Defense Army,1
actor1,335,2021,Pathein District Guerrilla Group,1
actor1,336,2021,Pathein Urban Guerrilla Group,1
actor1,337,2021,People Soldiers' Defense Force,1
actor1,338,2021,People's Defense Force - Ayetharyar,1
actor1,339,2021,People's Defense Force - Bhamo,1
actor1,340,2021,People's Defense Force - Chaungzon,1
actor1,341,2021,People's Defense Force - Daik-U,1
actor1,342,2021,People's Defense Force - Dala,1
actor1,343,2021,People's Defense Force - Einme,1
actor1,344,2021,People's Defense Force - Gyobinkauk,1
actor1,345,2021,People's Defense Force - Hkamti,1
actor1,346,2021,People's Defense Force - Hopin Region,1
actor1,347,2021,People's Defense Force - Hseni,1
actor1,348,2021,People's Defense Force - Hsipaw,1
actor1,349,2021,People's Defense Force - Insein,1
actor1,350,2021,People's Defense Force - Kalewa,1
actor1,351,2021,People's Defense Force - Kamma,1
actor1,352,2021,People's Defense Force - Kangyidaunt,1
actor1,353,2021,People's Defense Force - Kar Li,1
actor1,354,2021,People's Defense Force - Kayan,1
actor1,355,2021,People's Defense Force - Kyunhla,1
actor1,356,2021,People's Defense Force - Laung Shey,1
actor1,357,2021,People's Defense Force - Loikaw,1
actor1,358,2021,People's Defense Force - Madaya,1
actor1,359,2021,People's Defense Force - Myaungmya,1
actor1,360,2021,People's Defense Force - Myawaddy,1
actor1,361,2021,People's Defense Force - Myay Lat,1
actor1,362,2021,People's Defense Force - Nawnghkio,1
actor1,363,2021,People's Defense Force - North Okkalapa,1
actor1,364,2021,People's Defense Force - Pantanaw,1
actor1,365,2021,People's Defense Force - Pathein,1
actor1,366,2021,People's Defense Force - Patheingyi,1
actor1,367,2021,People's Defense Force - Paungde,1
actor1,368,2021,People's Defense Force - Phyu,1
actor1,369,2021,People's Defense Force - Puta-O,1
actor1,370,2021,People's Defense Force - Pwintbyu,1
actor1,371,2021,People's Defense Force - Pyapon,1
actor1,372,2021,People's Defense Force - Pyin Oo Lwin,1
actor1,373,2021,People's Defense Force - Ruby Land,1
actor1,374,2021,People's Defense Force - Sagaing,1
actor1,375,2021,People's Defense Force - Sagaing Township,1
actor1,376,2021,People's Defense Force - Sanchaung,1
actor1,377,2021,People's Defense Force - Shweli River Basin,1
actor1,378,2021,People's Defense Force - Shwepyithar,1
actor1,379,2021,People's Defense Force - South Dagon,1
actor1,380,2021,People's Defense Force - Tachileik,1
actor1,381,2021,People's Defense Force - Tada-U,1
actor1,382,2021,People's Defense Force - Tamwe,1
actor1,383,2021,People's Defense Force - Taungdwingyi Region,1
actor1,384,2021,People's Defense Force - Taungtha,1
actor1,385,2021,People's Defense Force - Thabeikkyin,1
actor1,386,2021,People's Defense Force - Thanbyuzayat,1
actor1,387,2021,People's Defense Force - Thandwe,1
actor1,388,2021,People's Defense Force - Thayetchaung,1
actor1,389,2021,People's Defense Force - Thingangyun,1
actor1,390,2021,People's Defense Force - Thongwa,1
actor1,391,2021,People's Defense Force - Thuwanna,1
actor1,392,2021,People's Defense Force - Twantay,1
actor1,393,2021,People's Defense Force - Wundwin,1
actor1,394,2021,People's Defense Force - Yankin,1
actor1,395,2021,People's Defense Force - Yedashe,1
actor1,396,2021,People's Guerrillas Commando - Myinmu,1
actor1,397,2021,Phoenix Urban Guerrilla,1
actor1,398,2021,Pyay Township People's Defense Force,1
actor1,399,2021,Pyinmana Revolution Army - PRA,1
actor1,400,2021,RUR: Rangoon Urban Revolutionaries,1
actor1,401,2021,S21 Urban Guerrilla Force,1
actor1,402,2021,SGF: Singu Guerrillas Force,1
actor1,403,2021,SHED: Special Humanitarian Encounter Defence,1
actor1,404,2021,SMATH: Shwebo Mine Action Team Hawk,1
actor1,405,2021,SRBN: Spring Revolution Brothers Network,1
actor1,406,2021,SSLP/SSFF: Shan State Liberation Party/Shan State Front for Federal,1
actor1,407,2021,SSPDF: Southern Shan State People's Defense Force,1
actor1,408,2021,SSSG-PDF: South Shan State Generations-People's Defense Force,1
actor1,409,2021,SSTF: Salingyi Special Task Force,1
actor1,410,2021,SSYG-PDF: South Shan Youths Group/People's Defense Force,1
actor1,411,2021,Sagaing Independence Army,1
actor1,412,2021,Satans of Yaywady,1
actor1,413,2021,Scorpions People Defense Force,1
actor1,414,2021,Shwedaung Guerrilla Warriors,1
actor1,415,2021,Special Force 22,1
actor1,416,2021,Special Regional Attacks Forces-MWA,1
actor1,417,2021,TDF: Tanintharyi Defense Force,1
actor1,418,2021,TGF: Tanintharyi Guerrilla Force,1
actor1,419,2021,TPDF: Thaton People's Defense Force,1
actor1,420,2021,TSTF: Thongwa Special Task Force,1
actor1,421,2021,Thaton Defense Organization,1
actor1,422,2021,Thay Min Let Yar: Grim Reaper Hand Print,1
actor1,423,2021,Thunderstorms Without Borders,1
actor1,424,2021,UDF: United Democratic Force,1
actor1,425,2021,USDP: Union Solidarity and Development Party,1
actor1,426,2021,Underground PDF,1
actor1,427,2021,Unidentified Communal Militia (Myanmar),1
actor1,428,2021,United Villages Force (Myanmar),1
actor1,429,2021,Urban Guerrilla - Twantay,1
actor1,430,2021,Urban Guerrilla Group - Naung Yeo,1
actor1,431,2021,Urban Guerrilla Revolutionary Force,1
actor1,432,2021,Urban Revolutionary Force - Bhamo,1
actor1,433,2021,Urban Underground Revolution Force - YSO,1
actor1,434,2021,Wakema Guerrilla Group,1
actor1,435,2021,Wakema Township Special Task Force,1
actor1,436,2021,YADF: Yangon Anti-Dictatorship Force,1
actor1,437,2021,YE-U Urban Guerrilla,1
actor1,438,2021,YRG: Yangon Revolution Group,1
actor1,439,2021,YSO NO. 1,1
actor1,440,2021,YURF: Yadanarbon Urban Revolutionary Front,1
actor1,441,2021,Yangon Eagle,1
actor1,442,2021,Yaywati Thaman Kyar,1
actor1,443,2021,Yenangyaung Urban Guerrilla Group,1
actor1,444,2021,ZFA: Zomi Federal Army,1
actor1,445,2021,Zero Army,1
actor1,446,2021,Zeya Brothers Guerrilla,1
actor2,0,2018,ULA/AA: United League of Arakan/Arakan Army,58
actor2,1,2018,Civilians (Myanmar),20
actor2,2,2018,SSPP/SSA-N: Shan State Progress Party/Shan State Army-North,7
actor2,3,2018,PSLF/TNLA: Palaung State Liberation Front/Ta'ang National Liberation Army,6
actor2,4,2018,PNLO/PNLA: Pa-Oh National Liberation Organization/Pa-Oh National Liberation Army,3
actor2,5,2018,Military Forces of Myanmar (2016-2021) People's Militia Force,2
actor2,6,2018,Rioters (Myanmar),2
actor2,7,2018,KIO/KIA: Kachin Independence Organization/Kachin Independence Army,1
actor2,8,2018,Military Forces of Myanmar (2016-2021),1
actor2,9,2018,Pa-Oh Ethnic Militia (Myanmar),1
actor2,10,2018,Police Forces of Myanmar (2016-2021),1
actor2,11,2018,Police Forces of Myanmar (2016-2021) Border Guard Police,1
actor2,12,2019,ULA/AA: United League of Arakan/Arakan Army,486
actor2,13,2019,Civilians (Myanmar),413
actor2,14,2019,PSLF/TNLA: Palaung State Liberation Front/Ta'ang National Liberation Army,103
actor2,15,2019,Military Forces of Myanmar (2016-2021),54
actor2,16,2019,KIO/KIA: Kachin Independence Organization/Kachin Independence Army,35
actor2,17,2019,Brotherhood Alliance,30
actor2,18,2019,SSPP/SSA-N: Shan State Progress Party/Shan State Army-North,30
actor2,19,2019,Police Forces of Myanmar (2016-2021),26
actor2,20,2019,RCSS/SSA-S: Restoration Council of Shan State/Shan State Army-South,12
actor2,21,2019,NMSP/MNLA: New Mon State Party/Mon National Liberation Army,10
actor2,22,2019,ARSA: Arakan Rohingya Salvation Army,7
actor2,23,2019,Unidentified Armed Group (Myanmar),7
actor2,24,2019,DKBA (Buddhist): Democratic Karen Buddhist Army (2016-),6
actor2,25,2019,NSCN-K: National Socialist Council of Nagaland-Khaplang,6
actor2,26,2019,KNU/KNLA: Karen National Union/Karen National Liberation Army,5
actor2,27,2019,MNTJP/MNDAA: Myanmar National Truth and Justice Party/Myanmar National Democratic Alliance Army,5
actor2,28,2019,Rioters (Myanmar),3
actor2,29,2019,UWSP/UWSA: United Wa State Party/United Wa State Army,3
actor2,30,2019,Police Forces of Myanmar (2016-2021) Border Guard Police,2
actor2,31,2019,Police Forces of Myanmar (2016-2021) Prison Guards,2
actor2,32,2019,ULFA-I: United Liberation Front of Asom-Independent,2
actor2,33,2019,Civilians (China),1
actor2,34,2019,Civilians (Germany),1
actor2,35,2019,Kathe Rebels (India),1
actor2,36,2019,Military Forces of Myanmar (2016-2021) Border Guard Force,1
actor2,37,2019,Military Forces of Myanmar (2016-2021) People's Militia Force,1
actor2,38,2019,NA-B: Northern Alliance,1
actor2,39,2019,PSC/NDAA-ESS: Peace and Solidarity Committee/National Democratic Alliance Army-Eastern Shan State,1
actor2,40,2019,Police Forces of China (2012-),1
actor2,41,2019,Protesters (Myanmar),1
actor2,42,2019,Rioters (China),1
actor2,43,2019,Rioters (Indonesia),1
actor2,44,2019,Unidentified Armed Group (Bangladesh),1
actor2,45,2020,Civilians (Myanmar),542
actor2,46,2020,ULA/AA: United League of Arakan/Arakan Army,304
actor2,47,2020,Military Forces of Myanmar (2016-2021),59
actor2,48,2020,PSLF/TNLA: Palaung State Liberation Front/Ta'ang National Liberation Army,48
actor2,49,2020,RCSS/SSA-S: Restoration Council of Shan State/Shan State Army-South,48
actor2,50,2020,KIO/KIA: Kachin Independence Organization/Kachin Independence Army,30
actor2,51,2020,KNU/KNLA: Karen National Union/Karen National Liberation Army,26
actor2,52,2020,Police Forces of Myanmar (2016-2021),17
actor2,53,2020,Unidentified Armed Group (Myanmar),10
actor2,54,2020,ARSA: Arakan Rohingya Salvation Army,6
actor2,55,2020,Rioters (Myanmar),6
actor2,56,2020,Police Forces of Myanmar (2016-2021) Border Guard Police,4
actor2,57,2020,KNPP/KA: Karenni National Progressive Party/Karenni Army,2
actor2,58,2020,KPC: KNU/KNLA Peace Council,2
actor2,59,2020,MNTJP/MNDAA: Myanmar National Truth and Justice Party/Myanmar National Democratic Alliance Army,2
actor2,60,2020,Military Forces of Myanmar (2016-2021) Border Guard Force,2
actor2,61,2020,SNA: Shanni Nationalities Army,2
actor2,62,2020,SSPP/SSA-N: Shan State Progress Party/Shan State Army-North,2
actor2,63,2020,DKBA (Buddhist): Democratic Karen Buddhist Army (2016-),1
actor2,64,2020,NA-B: Northern Alliance,1
actor2,65,2020,NMSP/MNLA: New Mon State Party/Mon National Liberation Army,1
actor2,66,2020,NSCN-K: National Socialist Council of Nagaland-Khaplang,1
actor2,67,2021,Civilians (Myanmar),4006
actor2,68,2021,Military Forces of Myanmar (2021-),1581
actor2,69,2021,Police Forces of Myanmar (2021-),499
actor2,70,2021,KIO/KIA: Kachin Independence Organization/Kachin Independence Army,361
actor2,71,2021,KNU/KNLA: Karen National Union/Karen National Liberation Army,141
actor2,72,2021,MNTJP/MNDAA: Myanmar National Truth and Justice Party/Myanmar National Democratic Alliance Army,97
actor2,73,2021,Unidentified Armed Group (Myanmar),86
actor2,74,2021,CDF: Chinland Defense Force,84
actor2,75,2021,RCSS/SSA-S: Restoration Council of Shan State/Shan State Army-South,78
actor2,76,2021,Pyu Saw Htee,71
actor2,77,2021,PSLF/TNLA: Palaung State Liberation Front/Ta'ang National Liberation Army,69
actor2,78,2021,People's Defense Force - Local Group,67
actor2,79,2021,KNPP/KA: Karenni National Progressive Party/Karenni Army,50
actor2,80,2021,Unidentified Local Defense Forces (Myanmar),48
actor2,81,2021,KNDF: Karenni Nationalities Defense Force,36
actor2,82,2021,KPDF: Karenni People's Defense Force,17
actor2,83,2021,Military Forces of Myanmar (2021-) People's Militia Force,17
actor2,84,2021,NA-B: Northern Alliance,16
actor2,85,2021,SSPP/SSA-N: Shan State Progress Party/Shan State Army-North,16
actor2,86,2021,Military Forces of Myanmar (2021-) Border Guard Force,12
actor2,87,2021,People's Defense Force - Demoso,12
actor2,88,2021,People's Defense Force - Kalay,12
actor2,89,2021,People's Defense Force - Kani,11
actor2,90,2021,People's Defense Force - Pale,10
actor2,91,2021,PDF: People's Defense Force,9
actor2,92,2021,Rioters (Myanmar),9
actor2,93,2021,People's Defense Force - Mingin,8
actor2,94,2021,Protesters (Myanmar),7
actor2,95,2021,SNA: Shanni Nationalities Army,6
actor2,96,2021,PRA: People's Revolution Army,5
actor2,97,2021,People's Defense Force - Moe Bye,5
actor2,98,2021,People's Defense Force - Myaung,5
actor2,99,2021,People's Defense Force - Pekon,5
actor2,100,2021,People's Defense Force - Saw Township,5
actor2,101,2021,People's Defense Force - Tabayin,5
actor2,102,2021,DRPA: Dictatorship Revolution People's Army,4
actor2,103,2021,Private Security Forces (Myanmar),4
actor2,104,2021,ULA/AA: United League of Arakan/Arakan Army,4
actor2,105,2021,YDF: Yaw Defense Force,4
actor2,106,2021,Brotherhood Alliance,3
actor2,107,2021,Government of Myanmar (2021-) State Administration Council,3
actor2,108,2021,People's Defense Force - Hseni,3
actor2,109,2021,People's Defense Force - Katha,3
actor2,110,2021,People's Defense Force - Monywa,3
actor2,111,2021,People's Defense Force - Sagaing,3
actor2,112,2021,People's Defense Force - Tamu,3
actor2,113,2021,Police Forces of Myanmar (2016-2021),3
actor2,114,2021,ARSA: Arakan Rohingya Salvation Army,2
actor2,115,2021,CDSOM: Civilians Defense Security Organization Myaung,2
actor2,116,2021,CNF/CNA: Chin National Front/Chin National Army,2
actor2,117,2021,Civilians (Australia),2
actor2,118,2021,KRDA: Kalay Region Defence Association,2
actor2,119,2021,Military Forces of Myanmar (2016-2021) People's Militia Force,2
actor2,120,2021,PSDA: People Security And Defense Army,2
actor2,121,2021,People's Defense Force - Gangaw,2
actor2,122,2021,People's Defense Force - Kawlin,2
actor2,123,2021,People's Defense Force - Loikaw,2
actor2,124,2021,People's Defense Force - Myaing,2
actor2,125,2021,People's Defense Force - Pauk,2
actor2,126,2021,People's Defense Force - Thayetchaung,2
actor2,127,2021,People's Defense Force - Yesagyo,2
actor2,128,2021,People's Defense Force - Yinmarbin,2
actor2,129,2021,Unidentified Communal Militia (Myanmar),2
actor2,130,2021,ALP/ALA: Arakan Liberation Party/Arakan Liberation Army,1
actor2,131,2021,ANC/AA: Arakan National Council/Arakan Army,1
actor2,132,2021,ASDF: Aungban Sepcial Defense Force,1
actor2,133,2021,BPDF-Yoma: Bago People's Defense Force - Yoma,1
actor2,134,2021,Black Lighting PDF,1
actor2,135,2021,CGF-HTY: Civil Guerrilla Force-HTY,1
actor2,136,2021,CNO/CNDF: Chin National Organization/Chin National Defense Force,1
actor2,137,2021,Civilians (China),1
actor2,138,2021,Civilians (International),1
actor2,139,2021,Civilians (Japan),1
actor2,140,2021,Civilians (United States),1
actor2,141,2021,DDT: Dawei Defense Team,1
actor2,142,2021,DKBA (Buddhist): Democratic Karen Buddhist Army (2016-),1
actor2,143,2021,Falcon People's Defense Force - Wetlet,1
actor2,144,2021,KNDO: Karen National Defence Organization,1
actor2,145,2021,KRF: Kyaikto Revolution Force,1
actor2,146,2021,Kani People's Defense Force - KLG,1
actor2,147,2021,LPSF: Launglon Public Security Forces,1
actor2,148,2021,MG6 Guerilla Force,1
actor2,149,2021,Military Forces of Myanmar (2016-2021) Border Guard Force,1
actor2,150,2021,PLA: People's Liberation Army of Manipur,1
actor2,151,2021,PRDF: Palaw Regional Defence Force,1
actor2,152,2021,PSTF: Pathein Special Task Force,1
actor2,153,2021,People Defense Force - Aung Lan,1
actor2,154,2021,People's Defense Force - Chaung-U,1
actor2,155,2021,People's Defense Force - Dawei,1
actor2,156,2021,People's Defense Force - Kyunhla,1
actor2,157,2021,People's Defense Force - Mandalay,1
actor2,158,2021,People's Defense Force - Mogoke,1
actor2,159,2021,People's Defense Force - Myingyan,1
actor2,160,2021,People's Defense Force - Myohla,1
actor2,161,2021,People's Defense Force - Nay Pyi Taw,1
actor2,162,2021,People's Defense Force - Paungde,1
actor2,163,2021,People's Defense Force - Phyu,1
actor2,164,2021,People's Defense Force - Pinlebu,1
actor2,165,2021,People's Defense Force - Ruby Land,1
actor2,166,2021,People's Defense Force - Sintgaing,1
actor2,167,2021,People's Defense Force - Taze,1
actor2,168,2021,People's Defense Force - Thein Za Yat,1
actor2,169,2021,People's Defense Force - Tigyaing,1
actor2,170,2021,People's Defense Force - Wuntho,1
actor2,171,2021,UNRA: Union of National Resistance Army,1
actor2,172,2021,Unidentified Armed Group (Bangladesh),1
actor2,173,2021,YPDF: Ye People's Defense Force,1
actor2,174,2021,Zomi Federal Union/People's Defense Force - Zoland,1
